df79e2b9-22a3-4c5b-81e5-0c897b77ecb9,2026-05-28 15:26:37.133771+08:00
283d8acd-53b8-4a9b-b711-45d5826448ea,2026-05-28 15:26:51.712606+08:00
1309611b-9bb2-4527-9e64-e7d21f5022a8,2026-05-28 15:27:16.548886+08:00
7b79829e-da84-4852-80c1-06108087fb46,2026-05-28 15:27:35.158231+08:00
4f7ccb53-521a-4e94-a549-a79c635f6306,2026-05-28 15:27:58.994003+08:00
43d5f276-5e1a-4b00-a9c3-dded0e49f235,2026-05-28 15:28:20.765352+08:00
5e0da608-fc0f-42aa-b93b-418a18e19952,2026-05-28 15:28:41.615261+08:00
224a845b-b26f-49f7-9240-6b0d30e442c9,2026-05-28 15:29:03.222711+08:00
7fa0863e-d826-4df3-9c18-710c95e64585,2026-05-28 15:29:24.196181+08:00
32e414c1-ab50-4e42-8c7f-69042bd45ae5,2026-05-28 15:29:45.819523+08:00
21e7f622-2ecb-42f5-b3ed-90c3922fb24f,2026-05-28 15:30:28.611893+08:00
4742d196-41aa-4b0f-a31b-7afb5799c35e,2026-05-28 15:30:42.062560+08:00
176f7c7e-2a44-4af9-bde9-b7fd7422960e,2026-05-28 15:31:02.906402+08:00
4db97a1d-55d1-4c87-841c-f6266af9f1e7,2026-05-28 15:31:24.617404+08:00
dbf03e80-11a1-4483-bfcd-82fa1214ed60,2026-05-28 15:31:45.503959+08:00
b5ccb14a-d5c1-42ec-ba51-408fa78381ec,2026-05-28 15:32:07.742682+08:00
9fb71084-4196-413e-8744-11654b807cad,2026-05-28 15:32:29.581523+08:00
5512230d-6e4d-47bf-a7c0-3138ec43547a,2026-05-28 15:32:50.489128+08:00
eeec778f-adb4-4ca2-8a7b-e70b33504805,2026-05-28 15:33:12.066678+08:00
9b261d2a-c2e4-4754-8f66-789f78fabeb9,2026-05-28 15:33:32.773623+08:00
a23902bf-63be-442f-b918-e14b7d1eb753,2026-05-28 15:33:58.933832+08:00
d40f6d1f-51f4-4cb6-8072-6769dbb386df,2026-05-28 15:34:17.595266+08:00
9466bd6c-1763-4939-bc58-196bd9c9fc93,2026-05-28 15:34:36.276209+08:00
1ebd6e47-2e85-488d-b2b1-110d414e6f7c,2026-05-28 15:35:01.294268+08:00
f9480245-8db9-4227-b5e4-25655b975fe5,2026-05-28 15:35:24.948713+08:00
2142c1d5-8604-4bf0-8d14-ec3508c27a36,2026-05-28 15:35:43.894092+08:00
986cbc69-f866-4c22-86ed-470c93bf2a40,2026-05-28 15:36:05.709364+08:00
d291c36a-9eca-46e3-a576-5083542fb525,2026-05-28 15:36:30.502700+08:00
1ff50f1f-23c2-4cf1-a411-23fcd0cce2be,2026-05-28 15:36:49.547520+08:00
6f2d2f1f-202e-4108-806d-ef32f4e76649,2026-05-28 15:37:11.663985+08:00
62e7f605-3214-4e27-bc0d-94a961a3dff4,2026-05-28 15:37:31.029550+08:00
5d1070fa-8487-4adb-8fef-72238e572090,2026-05-28 15:37:55.148665+08:00
73485d01-0e5d-4d50-aa30-ea76cd03fa49,2026-05-28 15:38:16.937564+08:00
931b425b-0209-49fe-bca5-c59553ff6758,2026-05-28 15:38:37.827570+08:00
b7d379f2-dc16-4e82-84ff-f758d6b743b9,2026-05-28 15:38:58.652143+08:00
c0ab515a-15fc-4227-ae60-1687fbae16f2,2026-05-28 15:39:21.898585+08:00
5a9a7b9e-6504-4100-b295-eba8684ce2c3,2026-05-28 15:39:45.970108+08:00
9b308ad1-1e7d-4a5f-b207-7b406aec07c8,2026-05-28 15:40:04.652355+08:00
f8ad088e-19b6-4c6e-b22f-e7b52d5b3c11,2026-05-28 15:40:25.710219+08:00
1cf556c0-0392-46eb-941e-beba97d860fd,2026-05-28 15:40:47.135047+08:00
0b2cc964-9b3b-4570-86aa-32f2954fda66,2026-05-28 15:54:12.061535+08:00
c4327933-74d5-4b12-8ab7-f98bf6b4350e,2026-05-28 15:54:33.718359+08:00
f9c9588c-8dcc-4141-af55-1b3bed2b6964,2026-05-28 15:54:55.238035+08:00
d4b56f8a-11d3-475a-acdd-e0003ab74464,2026-05-28 15:55:15.960825+08:00
8f5341e1-57f6-435b-b563-524a2b25ac89,2026-05-28 15:55:37.542236+08:00
3fea0d5c-9bc3-4f7e-b4ef-dd0ca039b1f9,2026-05-28 15:55:58.189131+08:00
4b22d968-1584-41c0-bd2e-f3b589b73b77,2026-05-28 15:56:19.839528+08:00
a40fb6c7-c9b6-44f8-bb80-fd1b69f2b434,2026-05-28 15:56:43.501678+08:00
252e5127-a4f5-46ab-aad7-d48608028273,2026-05-28 15:57:02.715882+08:00
f55abb3b-8b35-4966-99c6-0b597d8da274,2026-05-28 15:57:24.511428+08:00
274a20b9-3d48-412f-aabb-366e9b29fbce,2026-05-28 15:58:13.143602+08:00
5eca18d4-9bad-46be-9ae0-4c2a3f90ebc9,2026-05-28 15:58:32.533318+08:00
1973fd10-f5bc-4dfe-8b21-2f959fae072b,2026-05-28 15:58:51.243277+08:00
ac86d3cd-49bd-41ed-996b-42a66d86d153,2026-05-28 15:59:14.711667+08:00
47735726-e634-41be-a91e-2295281ade22,2026-05-28 15:59:38.226676+08:00
08bcd04f-92c6-4014-9f78-72d4047032b9,2026-05-28 15:59:56.884217+08:00
0402601e-e731-45ab-a930-c6daf31b45c7,2026-05-28 16:00:20.730751+08:00
fb2bb101-2be9-4899-b945-bd31247fa8e0,2026-05-28 16:00:39.419963+08:00
173ac7fa-2d92-494b-9069-2214aa3b4b32,2026-05-28 16:01:03.411669+08:00
f063e724-31e0-485d-8feb-ffa5ebc24520,2026-05-28 16:01:25.012822+08:00
4abd276b-1dfb-4803-96a2-08f2ac548961,2026-05-28 16:01:48.057447+08:00
c74182cb-68a2-430d-a32f-dad29ec0be04,2026-05-28 16:02:07.725678+08:00
59f969e6-b540-4a7c-8612-c4fac24ebd4e,2026-05-28 16:02:31.543061+08:00
5d068392-823b-473c-aeb5-0cf20ad84aaa,2026-05-28 16:02:50.123044+08:00
ade4b000-b979-4f99-bc80-7f86eac7943d,2026-05-28 16:03:13.752919+08:00
28af2add-8e28-4b77-9a8d-d97321aed7ed,2026-05-28 16:03:32.346643+08:00
f4a271df-6700-4f7c-bdcd-3380599c09a9,2026-05-28 16:03:56.031840+08:00
f9a57614-e9b9-439a-9f5a-e13486e9aa0b,2026-05-28 16:04:18.154388+08:00
7752b3ee-6f2a-4df8-9112-cc494c2077e7,2026-05-28 16:04:39.066279+08:00
cc5d0118-606c-431b-8ab4-ad795ccf375d,2026-05-28 16:05:00.762095+08:00
ded1ee85-28b2-4ffc-aad9-e166baa8d000,2026-05-28 16:05:21.963475+08:00
78f348ea-156f-4242-ae00-3767cc257013,2026-05-28 16:05:43.575158+08:00
e7943ede-7095-4b91-af39-7500da215a09,2026-05-28 16:06:07.383557+08:00
41ac6c14-36e5-45b4-8940-6f42be85f169,2026-05-28 16:06:26.070915+08:00
f7f711ea-d712-46bd-912c-289749fbfc27,2026-05-28 16:06:49.891592+08:00
9d42019f-b25e-4cbf-9c14-dc6dd036a451,2026-05-28 16:07:08.667593+08:00
4b2e718e-9b34-4335-9254-21707dad6840,2026-05-28 16:07:32.456607+08:00
fadb2c26-080c-42d8-9b3b-fc4247be3fbd,2026-05-28 16:07:54.184840+08:00
3012a99b-8204-4c35-9bc6-5a3a00f7f33a,2026-05-28 16:08:14.902520+08:00
2c438f45-eb06-42dd-967d-789b108774c8,2026-05-28 16:08:36.502414+08:00
7a4406ed-512c-41de-bd1a-7a0f885298a1,2026-05-28 16:09:13.536887+08:00
dfc7c0a7-a562-49d9-a005-10724f68e6af,2026-05-28 16:09:30.175001+08:00
20641e2d-cc37-4f2b-a3b4-a8152add95a3,2026-05-28 16:09:54.704449+08:00
bddfbd44-505d-4b60-9c82-20c3aa5d65eb,2026-05-28 16:10:15.429646+08:00
ad154087-4cd2-45fc-9898-aa004fdfda8f,2026-05-28 16:10:36.078313+08:00
6776c2d2-9ae2-496d-840d-72d1b96cfe8e,2026-05-28 16:10:59.656564+08:00
7eeb9b05-6e33-45b4-9774-3039c456692e,2026-05-28 16:11:21.157136+08:00
93c66d9d-9573-47b9-840d-b163367bcfbc,2026-05-28 16:11:40.043481+08:00
38a83077-c052-400c-95a6-5c32a16da488,2026-05-28 16:12:03.750412+08:00
edda0e66-c399-4ed3-838c-0b439decf5c4,2026-05-28 16:12:27.417215+08:00
efc291e6-1b3c-4943-82c8-b7e72bb9adf3,2026-05-28 16:12:49.875208+08:00
82fc6e9b-18f8-46db-aa9e-8a62040b1128,2026-05-28 16:13:09.541216+08:00
ec162398-931a-49cf-b066-6269f10ca9c9,2026-05-28 16:13:30.224534+08:00
e94965ad-881d-46fe-b1fd-78d412f2930a,2026-05-28 16:13:54.976644+08:00
1964f000-38a0-4b0d-ab42-a8115b249ba5,2026-05-28 16:14:15.656582+08:00
ec4721fb-de07-4928-af30-28d190b5ff8f,2026-05-28 16:14:36.350161+08:00
68909452-f60f-46d4-9bf0-b380f29c7385,2026-05-28 16:14:56.623887+08:00
b4c9d053-6d65-47cc-8bbf-3f162b0056cd,2026-05-28 16:15:19.444868+08:00
e6889a57-2b71-4f2b-989f-4bdcc04ef3c0,2026-05-28 16:15:41.077860+08:00
db5af40f-7634-4632-aa12-d43204137882,2026-05-28 16:16:01.846139+08:00
3fd1e0ba-3bd5-4d21-b7cf-a01e6e51d778,2026-05-28 16:16:26.940017+08:00
8da7ff01-9f15-45cd-a6ef-d0a005fbd3ca,2026-05-28 16:16:47.690144+08:00
d4d1473e-28d8-43d1-9a67-122047185d10,2026-05-28 16:17:06.289327+08:00
b71c4783-ecd3-4897-9324-8035f5372115,2026-05-28 16:17:29.609350+08:00
7f862468-b6b8-4a44-ba3d-5867973a5453,2026-05-28 16:17:51.183747+08:00
1dc4e17e-f162-47fb-8fd0-80599135e65a,2026-05-28 16:18:11.806342+08:00
e90149a5-6893-472f-a4a9-8eb95cc5e650,2026-05-28 16:18:35.474148+08:00
fe869cbb-3c09-4dac-ae41-bd689acc632f,2026-05-28 16:18:57.021402+08:00
5de60109-dcfd-4eb1-aef2-a6d16dce2949,2026-05-28 16:19:17.767322+08:00
9472aa0d-433f-410d-b9a3-c0a203afa1a0,2026-05-28 16:19:41.337737+08:00
c468f688-e0b6-4a4f-b62b-0dadc1c63d71,2026-05-28 16:20:20.407215+08:00
f446265a-f1f5-4bce-9bd6-1abf2efa2d77,2026-05-28 16:20:32.910504+08:00
c2b82727-8f97-4d66-90f7-97f0c9c99706,2026-05-28 16:20:57.289299+08:00
1c030183-754c-49d8-9e60-f239cb83b439,2026-05-28 16:21:18.920922+08:00
3a26f475-7080-44dd-951d-7f347f4506de,2026-05-28 16:21:39.824090+08:00
c42811af-59b8-4158-8355-10e08f28f885,2026-05-28 16:22:01.480699+08:00
25355716-5378-4d51-8c70-ce01ebf3d104,2026-05-28 16:22:23.453012+08:00
55914d96-3f99-4cee-a58f-8e4de4a88322,2026-05-28 16:22:45.281938+08:00
abcf429c-c2f2-453f-857b-a00865e8d777,2026-05-28 16:23:07.225538+08:00
b2fb92b5-441a-494f-823a-3687a33656f2,2026-05-28 16:23:27.924075+08:00
aa3779b8-96e1-4feb-b187-4d7ff225eda0,2026-05-28 16:23:51.744797+08:00
169e5d13-dc1e-4866-adca-153694a7386c,2026-05-28 16:24:13.278420+08:00
32b102f5-9a00-437c-a685-28c65690004d,2026-05-28 16:24:31.959169+08:00
828e7d4a-5256-4d21-9b8a-0984c47bd247,2026-05-28 16:24:55.639184+08:00
b63dafde-dfc5-4785-a8ca-81b3a390b8e0,2026-05-28 16:25:16.312495+08:00
eda20022-0cb9-4c12-b552-bb4e5db2d27e,2026-05-28 16:25:37.953147+08:00
9f70108f-c0e2-4d8e-bb0d-9be65eb4661d,2026-05-28 16:25:59.599258+08:00
7c230b34-bbfb-43ef-a85a-f3a003e18c47,2026-05-28 16:26:20.437742+08:00
3af8abd6-0cf0-49c0-9524-6b237a1e49e4,2026-05-28 16:26:43.237114+08:00
aff88bea-e6a6-48cb-92e6-9f174e43d2e1,2026-05-28 16:27:01.926764+08:00
36169aeb-8419-4573-96c3-46615948b996,2026-05-28 16:27:25.779215+08:00
4f25898e-73a5-4f2e-a30d-77fa27fd9736,2026-05-28 16:27:48.943771+08:00
4395efc1-e8a1-4271-a748-5cf125d25f79,2026-05-28 16:28:07.599620+08:00
e67edaee-bdc3-40b8-b5c3-99b5e421e1d9,2026-05-28 16:28:31.249132+08:00
e93c9566-271d-4f26-a8d1-8c71c15ac30e,2026-05-28 16:28:52.869017+08:00
35c632b9-c9f8-483a-8b4e-75b850e43a5f,2026-05-28 16:29:13.708722+08:00
6ede953e-0a66-46ea-9642-c92d8a038d07,2026-05-28 16:29:35.351255+08:00
eceadfcd-a413-4d79-9b2c-73c320c89000,2026-05-28 16:29:56.033404+08:00
66448fc3-2493-4a21-9a80-2b536cd48aae,2026-05-28 16:30:14.750545+08:00
3167fd7b-e464-411e-a29d-dfafdf506920,2026-05-28 16:30:41.549550+08:00
41fb576c-22db-4d0f-a658-0bd0f96a1848,2026-05-28 16:31:23.796005+08:00
8d58face-f20e-4a8b-a716-aeffa90ff5a3,2026-05-28 16:31:45.525709+08:00
6bef9f63-7b24-4b4d-a762-12b75fc3d29d,2026-05-28 16:32:09.743703+08:00
1e6c42e2-3f97-4524-a6cd-673a5e5d69dd,2026-05-28 16:32:29.108147+08:00
eca1bac5-ce8c-480c-8cd1-04b6ef730afc,2026-05-28 16:32:52.769016+08:00
9b2105b7-3d4d-463a-83bd-9006938cf970,2026-05-28 16:33:14.350759+08:00
1c24547c-306c-4393-b206-624208838857,2026-05-28 16:33:35.097584+08:00
c35fcf04-c386-4ce5-8dd3-a3e9f40fdc72,2026-05-28 16:33:56.662255+08:00
1e695228-ef89-4e1a-88d7-4055720b893b,2026-05-28 16:34:17.411571+08:00
63ac8962-fed7-4ed4-a71c-9b772633a345,2026-05-28 16:34:40.427047+08:00
f8fcbd75-f703-44d8-827a-73d8f5cc38f2,2026-05-28 16:35:02.953219+08:00
a716d3e2-a2f8-470d-892b-70c4bc722421,2026-05-28 16:35:24.070346+08:00
460d34c4-2fc8-4643-baa9-28636e48ca31,2026-05-28 16:35:42.787407+08:00
45780fd3-c686-43f0-80fd-45781351f59a,2026-05-28 16:36:06.138501+08:00
e963cce6-d455-4a7d-be78-6971fbcbaacf,2026-05-28 16:36:24.805229+08:00
7acd289d-bd23-4677-b496-8b0634b4d069,2026-05-28 16:36:49.811643+08:00
4f0f9be8-6a24-4532-8435-2c03b7f8cfd9,2026-05-28 16:37:10.676254+08:00
8ec4e8a7-318a-4bc2-9231-6342897b072f,2026-05-28 16:37:33.715197+08:00
fdb23145-dfff-46d2-9cd8-63c49889e677,2026-05-28 16:37:54.844803+08:00
542c31c0-ddb4-49a7-b28b-139489dfc470,2026-05-28 16:38:15.591998+08:00
3c2b70a3-a4c7-43db-8a3b-af604cf46bbc,2026-05-28 16:38:36.713836+08:00
9da3fe9a-ff00-44d5-b84c-add460401ee7,2026-05-28 16:39:00.450739+08:00
66a48ae9-fe8c-4f18-bd00-6dbe3af989d9,2026-05-28 16:39:19.068858+08:00
e013dad4-13b6-48b2-b2f9-98ca2b65c34e,2026-05-28 16:39:39.781932+08:00
27884c33-2e63-4a1b-8565-37567e1b5585,2026-05-28 16:40:04.688254+08:00
b9f53c6b-5f9e-4c09-986f-7da9ee3ac3df,2026-05-28 16:40:26.929401+08:00
48227466-76d0-4676-9837-58cbe7f1533f,2026-05-28 16:40:47.846744+08:00
a5930ba3-8045-4809-baed-9130f424277e,2026-05-28 16:41:07.994486+08:00
f24d5d53-039d-4cd5-8df9-312297a0c357,2026-05-28 16:41:28.720459+08:00
722dbc7e-7506-4add-8bb2-10412819ab4a,2026-05-28 16:41:53.262966+08:00
cc739ef3-47da-4386-9f67-b95e9635903f,2026-05-28 16:42:43.746661+08:00
e8dc70d3-e620-4e7c-94d9-1a8cf7893fef,2026-05-28 16:42:58.378483+08:00
8b776cf8-0543-4dbf-86f5-92baaa774f28,2026-05-28 16:43:20.623599+08:00
939d2e1b-c563-4c0d-a82f-3fa9dba6b7f4,2026-05-28 16:43:44.201668+08:00
eb93ae2c-3999-4ba5-91d2-44a24f057381,2026-05-28 16:44:02.873490+08:00
8cd7d543-2dd3-4cc2-bd3c-3f4d35e810f3,2026-05-28 16:44:21.570845+08:00
ab3b69a1-a418-401d-a805-80e0fcbd501e,2026-05-28 16:44:46.799280+08:00
3d4ebba3-9d27-41b0-a023-71b6cb49ee0a,2026-05-28 16:45:07.729973+08:00
7b624aa1-1630-4031-a79a-132b618cfa6f,2026-05-28 16:45:29.314754+08:00
6f2c5213-5746-4b99-8358-e150162ba244,2026-05-28 16:45:50.901005+08:00
8ef1ec5d-8584-43b2-b0a8-0a6a4d296662,2026-05-28 16:46:13.268034+08:00
79e0197c-3857-4ba7-98ff-aa6fe376f1f2,2026-05-28 16:46:34.996190+08:00
78093170-71f3-462e-8fc3-528ac436f2f9,2026-05-28 16:46:56.730556+08:00
0edf8176-1845-4678-9996-67edfb3c0f44,2026-05-28 16:47:17.520671+08:00
1faec85f-9de5-450c-b0c3-4568ba066893,2026-05-28 16:47:41.181892+08:00
f9090464-8f03-46fa-83ee-18b79c073af9,2026-05-28 16:47:59.885128+08:00
604b0b39-e5d1-4280-a786-d10c62541dcf,2026-05-28 16:48:21.583154+08:00
158f95bf-109e-4932-b013-d379547ca3c8,2026-05-28 16:48:45.231356+08:00
d4b228fc-67d3-477c-8f01-845a4cc674f2,2026-05-28 16:49:03.992639+08:00
91c45001-3829-49d6-afba-a97c45bf1628,2026-05-28 16:49:27.758244+08:00
48a48808-7171-4d9d-b761-1f1643d924fa,2026-05-28 16:49:46.501601+08:00
f5a0cab2-c29f-4add-b4de-45ece3f296f3,2026-05-28 16:50:10.287193+08:00
5df4b025-72c8-4f53-8e54-fb30246d0b97,2026-05-28 16:50:31.781724+08:00
650625b8-3177-4354-9cce-4f3997cbe702,2026-05-28 16:50:52.782622+08:00
1a06b41e-1992-4696-aa65-4ff7801ada63,2026-05-28 16:51:14.538038+08:00
b30f58b8-3b46-4ba7-98aa-576c4471c0d5,2026-05-28 16:51:38.195564+08:00
8b018e25-0c18-4144-8c26-76bc34fac14f,2026-05-28 16:51:56.893099+08:00
ffb5c542-150f-4f0d-bf29-20424bf60a40,2026-05-28 16:52:21.684532+08:00
dc976b1a-f96e-458e-87ff-ba97a32ea99a,2026-05-28 16:52:40.291921+08:00
e1216759-ce9b-42ab-94db-89d7779ca9d6,2026-05-28 16:53:03.861349+08:00
5985e9ce-97b8-4df2-9ad8-2fd81e32a84d,2026-05-28 17:42:58.138578+08:00
7c5e1c4c-3a2e-4d85-9f3b-57788fd3386d,2026-05-28 17:43:12.675014+08:00
95860592-49d5-4f99-9858-a2a0ee6fa913,2026-05-28 17:43:33.571738+08:00
c06c423f-6610-459d-897c-fce32f15bcb0,2026-05-28 17:43:54.331523+08:00
ff095e64-aab4-4c5c-a3c5-f1560ac0d744,2026-05-28 17:44:17.168626+08:00
0c4a39e4-58ee-4717-b0b3-c11f42c83e09,2026-05-28 17:44:40.187562+08:00
fc8472d5-1165-45c4-8734-58265f8fe7a0,2026-05-28 17:45:00.884853+08:00
a5bc44ec-a0b5-4dce-b747-93e4067ca6fe,2026-05-28 17:45:22.437615+08:00
59681a01-ce62-4cd5-a3ad-a94f6bd7ee15,2026-05-28 17:45:43.162287+08:00
9002038e-48f6-453b-b00f-333334249625,2026-05-28 17:46:03.917577+08:00
74cbfd6f-5d3a-4b58-ae08-e7f810981910,2026-05-28 17:46:37.976506+08:00
a2adbf2c-39a4-4791-8b62-41df9fd32b34,2026-05-28 17:46:50.483063+08:00
66430832-e0fc-4bf2-b2f7-3c2f704e74ba,2026-05-28 17:47:09.102074+08:00
eb9d9888-bcda-41d4-978b-c1777629ec99,2026-05-28 17:47:29.944799+08:00
1b700fdf-0674-4a52-a565-e3c895974ed3,2026-05-28 17:47:54.593085+08:00
aea79dd1-368e-41b9-b9f3-1fe78f659d9c,2026-05-28 17:48:15.377229+08:00
c3df1ea8-5dff-4628-abd2-5e9b917a54c5,2026-05-28 17:48:36.234753+08:00
42dcd54f-4003-4db7-bc45-5767a0ffa6b8,2026-05-28 17:49:00.031345+08:00
a39d8429-3f11-4132-8c9c-4724a1bb43dc,2026-05-28 17:49:22.560209+08:00
1b24d805-2974-4a52-a4ef-277e878300e3,2026-05-28 17:49:41.214474+08:00
ef8e0bbb-0031-4953-a7fb-faa17e053e97,2026-05-28 17:55:10.677020+08:00
54c0b3e0-fc6c-4cd0-8a0d-1b831c63f1a4,2026-05-28 17:55:29.606491+08:00
e1a1cbcd-5b2d-47a6-98ec-561dd79f2ad6,2026-05-28 17:55:53.419688+08:00
495fe500-9b22-4b31-8ae9-63a827d70ec3,2026-05-28 19:24:15.220645+08:00
1c45b94b-8e03-4824-b549-3e3236145394,2026-05-28 19:24:27.792002+08:00
9ee68dcd-2dcb-4515-9e95-a86b546a997a,2026-05-28 19:24:38.976947+08:00
eb520ae8-2fae-40b8-84a5-f1d60098e21b,2026-05-28 19:24:51.744871+08:00
7b5214b4-be9d-44f6-be9a-5bccd1e4ba68,2026-05-28 19:25:04.372211+08:00
91e964d8-98b3-4350-bb3c-93e731bc4561,2026-05-28 19:25:16.964226+08:00
7be7997a-2a03-4e4a-a1a1-c520f1e3caf9,2026-05-28 19:25:29.729814+08:00
ee688525-e471-439e-b6eb-975073794a00,2026-05-28 19:25:42.256426+08:00
7c3e1dd9-7846-45c6-b96d-6c543e38c8f0,2026-05-28 19:25:54.748458+08:00
d413701c-edd1-4969-9374-8ba7dff15e23,2026-05-28 19:26:05.879701+08:00
c153b361-3eb1-4791-b27f-2be29add9a55,2026-05-28 19:26:18.657577+08:00
390c2c86-6a7c-4880-bc68-9732fcf614f5,2026-05-28 19:26:31.275193+08:00
05342dbf-9cf4-4e26-a0c9-c63406b092ae,2026-05-28 19:26:42.161908+08:00
6fc0bac3-84b1-4f32-9060-5bbbdada887b,2026-05-28 19:26:54.792986+08:00
04b35f3c-796c-4ea6-9f26-04c5a59e59f8,2026-05-28 19:27:06.095590+08:00
f97314d2-0cfd-4eb6-9905-e5728acc6007,2026-05-28 19:27:18.744911+08:00
6dea93bd-bc5e-44e3-a2f3-76b9401270c7,2026-05-28 19:27:31.286948+08:00
7acc4194-81c8-4382-bf1b-0046caddf780,2026-05-28 19:27:42.326314+08:00
186b62b2-24dd-49c9-bf09-f2763ee11b24,2026-05-28 19:27:54.883999+08:00
c6d386ae-39dd-4e20-8a79-f35e9d8b0603,2026-05-28 19:28:05.931993+08:00
1568ae26-8fe9-4bba-a310-0a25c08435d8,2026-05-28 19:28:18.487461+08:00
a6b80523-0ff5-4428-9e4d-42ddee9e59e9,2026-05-28 19:28:31.043557+08:00
ddfbdd0c-b69a-4193-889a-340aca112615,2026-05-28 19:28:52.451820+08:00
6dab4fe9-112c-4523-aa51-db0edfde7271,2026-05-28 19:29:13.773057+08:00
a373b305-8522-471a-8a1b-41bcfd69cb57,2026-05-28 19:29:36.640083+08:00
3b5a04bd-0c0f-49ad-b4c6-ec6781a3c159,2026-05-28 19:29:57.825904+08:00
ae281ea0-4a93-4039-8aa1-2a8b9a3fda73,2026-05-28 19:30:19.212497+08:00
67cc94ac-ac86-4c0a-abf2-50abc1469c98,2026-05-28 19:30:40.073478+08:00
625d4c2d-4d22-4b45-bbba-089b856044ff,2026-05-28 19:31:01.609320+08:00
9d70a6ac-40c7-4609-a420-d873b7400c72,2026-05-28 19:31:24.622858+08:00
f700f487-139d-4949-bbdf-ab78af31a60b,2026-05-28 19:31:45.318245+08:00
35e47cdc-e71b-400d-bf26-bd2c3a4440a0,2026-05-28 19:32:06.624784+08:00
c917ac14-415c-4c22-8a20-645d40461889,2026-05-28 19:32:28.036130+08:00
f6d80d54-af66-4069-8dbc-0c952c4488bf,2026-05-28 19:32:51.074038+08:00
9d21d6b1-5028-4acc-bbad-678bd60de9b4,2026-05-28 19:33:12.615170+08:00
27a6f8a3-87ee-4b03-a861-0f719c7c192a,2026-05-28 19:33:34.117469+08:00
3b59c6b2-fb59-4b3d-a3f3-f705e0d26e1a,2026-05-28 19:33:57.170882+08:00
4fcf9ea0-e62e-426e-807e-7eb9e8528762,2026-05-28 19:34:18.582028+08:00
6fe367f2-69f2-41a6-807d-96f14c8811e6,2026-05-28 19:34:40.420744+08:00
af104faa-55da-4dca-8872-85f5a7bdffcc,2026-05-28 19:34:59.877105+08:00
0052c9b7-caee-4c92-bd13-8abe88110e5e,2026-05-28 19:35:23.117304+08:00
8025a1aa-c225-41e1-b948-4df043861498,2026-05-28 19:35:44.600668+08:00
696f2a60-34b3-43ab-8583-4c82b4f15885,2026-05-28 19:36:06.502569+08:00
836655c8-aec7-400f-8560-40a8cfd9dc13,2026-05-28 19:36:27.833912+08:00
0f2e0c9d-7781-4df3-9c3d-525993de9775,2026-05-28 19:36:49.454999+08:00
53145a38-3419-4bca-a93a-306a477146b6,2026-05-28 19:37:12.683583+08:00
3abbb39c-714f-4d98-8fe7-825154189038,2026-05-28 19:37:31.677411+08:00
dd27895c-5a42-4ec3-a66a-610362d46ccd,2026-05-28 19:37:53.561941+08:00
3db1a5e7-7792-4546-8111-6487153c32e6,2026-05-28 19:38:16.944711+08:00
17b0d491-665f-4fb4-8ecc-ae38ee078f48,2026-05-28 19:38:38.616942+08:00
cddabf14-8deb-4014-ba64-fb435123808c,2026-05-28 19:39:00.350466+08:00
38ae8c6c-3f92-4202-8d96-ff45f187ae1e,2026-05-28 19:39:22.410421+08:00
4a3454ef-9960-4a21-8300-839085663b49,2026-05-28 19:39:43.957506+08:00
63632fe4-43ef-471d-b42e-4fb89e7f9cef,2026-05-28 19:40:05.999268+08:00
8eeb6eed-3d1b-43f7-9524-451d1587f790,2026-05-28 19:40:26.078980+08:00
e3264985-a6a6-4f7d-a426-493d6aea90b3,2026-05-28 19:40:49.954245+08:00
5f222613-6fae-466e-a425-5e773f370ed3,2026-05-28 19:41:12.252580+08:00
2a8a6b9b-bb87-41fc-96c0-84c3e0e7b164,2026-05-28 19:41:32.353306+08:00
c5eed49c-b29b-42b2-858a-d8aa9dec36b9,2026-05-28 19:41:54.465490+08:00
f0ee5379-c368-4f5e-b5f5-79bbe6c0e990,2026-05-28 19:42:18.346677+08:00
e7d76cd2-bfa8-45f3-9b4f-69ce4b38cace,2026-05-28 19:42:38.611835+08:00
4f97c634-43a4-4afb-8f9f-14113e970c37,2026-05-28 19:43:01.024126+08:00
4ba4446e-e5e7-4ab7-b790-62b80620cb54,2026-05-28 19:43:22.975582+08:00
94ab739c-9f49-418f-83de-78041994dad3,2026-05-28 19:43:45.137166+08:00
64fa6b10-e944-48ef-94a6-f282284ef316,2026-05-28 19:44:05.359205+08:00
370c60be-d1e3-4d5f-99ff-f159976d061c,2026-05-28 19:44:27.471256+08:00
0159cad6-29f3-4588-905b-6a19afd43461,2026-05-28 19:44:51.352086+08:00
199714bf-2740-4fea-a3b0-904a84fafe49,2026-05-28 19:45:11.414039+08:00
66fe22e1-9c05-4349-8d0e-d29abd01df26,2026-05-28 19:45:33.768871+08:00
e3535031-1757-4ecc-981d-8a648117b1e6,2026-05-28 19:45:57.458191+08:00
4ae0803c-1787-4fe1-ab75-9c9216c81772,2026-05-28 19:46:16.931612+08:00
f4d5c71b-40b1-4a35-b791-2462468d6b12,2026-05-28 19:46:40.904653+08:00
20e99648-5234-4611-802b-879dd8ad188f,2026-05-28 19:47:00.199883+08:00
8ca30022-cef5-4d9f-8c44-b1a57d7a82b1,2026-05-28 19:47:24.017259+08:00
06fc2556-118d-420a-a8ef-11fc8f5c492a,2026-05-28 19:47:44.037988+08:00
2f4fb289-e878-4a28-a2a8-ed690b818078,2026-05-28 19:48:06.193723+08:00
0f689cd3-aa07-4e2c-8607-2e0757d31745,2026-05-28 19:48:30.146496+08:00
500d3ebb-3bcd-4677-b3fa-cfd30f6142e0,2026-05-28 19:48:50.229561+08:00
d5d49aab-a43d-486a-a4e8-b59fae998e3a,2026-05-28 19:49:12.372310+08:00
c5e9e9be-d841-4f1d-b296-1200f0526983,2026-05-28 19:49:32.455487+08:00
4fd31192-1885-4bc2-b12a-8a3acaf3189b,2026-05-28 19:49:55.002328+08:00
5b5b6fe9-9ba9-44bd-aa07-a4114b3101fd,2026-05-28 19:50:16.976833+08:00
8fc4f4c7-15d7-4870-8adc-0c07c66bd46f,2026-05-28 19:50:40.695920+08:00
90fa319a-5883-4e00-b1e4-094bf4935cd6,2026-05-28 19:51:02.343567+08:00
bf4802d3-aca9-4675-b636-fadca20f5cc1,2026-05-28 19:51:22.312738+08:00
d669fba7-d81a-46b8-b37e-2872ab2e2660,2026-05-28 19:51:46.331287+08:00
24a55541-35e4-4322-a1ca-422706cb47c5,2026-05-28 19:52:06.656830+08:00
8c44155b-03f2-4969-8af3-1b3ef24aabdd,2026-05-28 19:52:28.756621+08:00
4a7d07f6-e6a5-4f38-aed9-2985e2f3eff7,2026-05-28 19:52:50.795785+08:00
f0febc28-b322-4451-81b6-628805a2cfd6,2026-05-28 19:53:12.429519+08:00
78f16919-cdbf-4e39-8cf6-7791d4b7427f,2026-05-28 19:53:34.622361+08:00
1d7b90a8-ad6d-444f-a3cc-3d8224351ac6,2026-05-28 19:53:55.172591+08:00
ed09db6c-4d3c-43c4-8a5d-99a8cea30a68,2026-05-28 19:54:18.937040+08:00
934e5954-f72b-4685-bb4c-3950250880bc,2026-05-28 19:54:38.242338+08:00
cfb75d7d-dec1-4e2a-a53a-4da32a6489f6,2026-05-28 19:55:02.065429+08:00
080f5400-9d15-4b00-8521-cf04b0e997d3,2026-05-28 19:55:24.025863+08:00
69cb9057-3cf9-40ad-83f2-2ce7dd8470fb,2026-05-28 19:55:43.986590+08:00
755a7ced-0811-4c1a-bbcd-73c4c89f446f,2026-05-28 19:56:08.185277+08:00
d5f28d08-b55a-4f46-8f9c-4a4c70dae511,2026-05-28 19:56:30.322851+08:00
b9146c50-fc87-48e6-a845-22153b0e1c4f,2026-05-28 19:56:51.875411+08:00
d34db903-4e68-42ef-a0ef-72fc6c7e9eea,2026-05-28 19:57:13.474512+08:00
abfeb1fc-b8e1-4faa-a9d5-b5ad30073258,2026-05-28 19:57:33.622564+08:00
79713eda-93c6-4775-855c-76a5ce89f419,2026-05-28 19:57:57.383880+08:00
3ff5ce15-83b7-4f33-b3d1-5168aac81424,2026-05-28 19:58:19.485783+08:00
c490d368-60f9-435c-940a-5dcd73f15088,2026-05-28 19:58:41.650954+08:00
c4873b44-2922-4551-8b82-037cb133a409,2026-05-28 19:59:01.645415+08:00
27d05b3c-2663-4543-97d6-5fb8b79fe51b,2026-05-28 19:59:25.483371+08:00
9d6b12eb-84e0-45a4-bfe2-ac181ad9d4fd,2026-05-28 19:59:44.964792+08:00
773ef4b5-0339-4344-b6fd-fbc069b832cd,2026-05-28 20:00:08.777424+08:00
c0dbfb99-850f-428e-ba4e-7856de7c86ca,2026-05-28 20:00:30.992932+08:00
1ac870a8-b572-4e71-ad5c-74d6b1d41a7e,2026-05-28 20:00:51.005327+08:00
24e7514e-7e66-451b-9cc1-1fda72cf34cc,2026-05-28 20:01:14.786137+08:00
923642d6-cdf7-46b3-a951-04801835f8ad,2026-05-28 20:01:34.012251+08:00
cd0098a1-6fcf-40db-b817-dbb047bc8bc4,2026-05-28 20:01:57.843751+08:00
d415e0e2-768b-4319-84f5-b618fccef222,2026-05-28 20:02:20.165730+08:00
379e5dba-0e53-4d90-a0f2-a9d4c87a60af,2026-05-28 20:02:42.371899+08:00
0875a8a2-ee71-4993-8871-27824f078a3f,2026-05-28 20:03:02.619672+08:00
dac4fdbf-f0e4-4319-8664-ef1df2b4e205,2026-05-28 20:03:26.528907+08:00
ce0f57f4-bbae-4211-8484-a8ba70a04a2a,2026-05-28 20:03:48.707402+08:00
2e89475f-f78f-4a30-af04-3fd58bd9a5ed,2026-05-28 20:04:10.383214+08:00
424f16ed-569b-454c-afba-fc44455094c7,2026-05-28 20:04:31.871048+08:00
f7e0f689-faa3-4286-bdab-408a2ee1660b,2026-05-28 20:04:51.893421+08:00
03bc077d-e77f-4daa-afe2-5e6649f42b09,2026-05-28 20:05:15.691706+08:00
f98d0591-421a-404b-9c8f-06cb818f4ba7,2026-05-28 20:05:37.967175+08:00
f80df41f-54ef-4eee-bda1-68b9314e7d7e,2026-05-28 20:05:58.778052+08:00
