index	breadcrumb	title_zh	title_en	reference_doc_url	pillar	diataxis	status	qchem_module	milestone	is_class_leaf	mirror_site_path
1	introduction	介绍	Introduction	https://docs.quantinuum.com/inquanto/introduction/	meta	concept	shipped			0	/mirror/introduction/
2	introduction/overview	产品概览（参考文档镜像）	Product overview (reference mirror)	https://docs.quantinuum.com/inquanto/introduction/overview.html	meta	concept	shipped	qchem_stack		0	/mirror/introduction/overview/
3	introduction/installation	安装	Installation	https://docs.quantinuum.com/inquanto/introduction/installation.html	meta	tutorial	shipped			0	/mirror/introduction/installation/
4	introduction/installation/system_requirements	系统要求	System requirements	https://docs.quantinuum.com/inquanto/introduction/system_requirements.html	meta	reference	shipped			0	/mirror/introduction/installation/system_requirements/
5	introduction/installation/troubleshooting	故障排除	Troubleshooting	https://docs.quantinuum.com/inquanto/introduction/troubleshooting.html	meta	concept	shipped			0	/mirror/introduction/installation/troubleshooting/
6	introduction/quickstart	快速上手	Quick-start guide	https://docs.quantinuum.com/inquanto/introduction/quickstart.html	P2	tutorial	shipped	qchem_stack.express		0	/mirror/introduction/quickstart/
7	manual	用户手册	Manual	https://docs.quantinuum.com/inquanto/manual/	meta	concept	shipped			0	/mirror/manual/
8	manual/howto	参考手册 · 使用说明	Reference manual · How-to	https://docs.quantinuum.com/inquanto/manual/howto.html	P2	concept	shipped	qchem_stack		0	/mirror/manual/howto/
9	manual/geometry	几何	Geometry	https://docs.quantinuum.com/inquanto/manual/geometry.html	P1	concept	partial	qchem_stack.chem.molecule		0	/mirror/manual/geometry/
10	manual/express	Express 数据集	Express data sets	https://docs.quantinuum.com/inquanto/manual/express.html	P2	reference	partial	qchem_stack.express		0	/mirror/manual/express/
11	manual/symmetry	对称性	Symmetry	https://docs.quantinuum.com/inquanto/manual/symmetry.html	P2	concept	placeholder		Q3 2026	0	/mirror/manual/symmetry/
12	manual/spaces_operators	空间 / 算符 / 状态 / 映射	"Spaces, operators, states and mappings"	https://docs.quantinuum.com/inquanto/manual/spaces.html	P2	concept	partial	qchem_stack.chem.hamiltonian		0	/mirror/manual/spaces_operators/
13	manual/spaces_operators/interfacing_qchem	与外部量化包接口（FCIDUMP）	Interfacing with quantum chemistry packages (FCIDUMP)	https://docs.quantinuum.com/inquanto/manual/spaces.html#interfacing-quantum-chemistry	P2	concept	placeholder		Q3 2026	0	/mirror/manual/spaces_operators/interfacing_qchem/
14	manual/spaces_operators/qubit_mapping	量子比特映射	Qubit mapping	https://docs.quantinuum.com/inquanto/manual/spaces.html#qubit-mapping	P2	concept	shipped	qchem_stack.chem.hamiltonian.molecular_hamiltonian_from_classical_reference		0	/mirror/manual/spaces_operators/qubit_mapping/
15	manual/ansatze	Ansatze 概览	Ansatze overview	https://docs.quantinuum.com/inquanto/manual/ansatzae_overview.html	P2	concept	partial	qchem_stack.quantum.ansatze		0	/mirror/manual/ansatze/
16	manual/ansatze/ucc_family	UCC 家族	UCC family	https://docs.quantinuum.com/inquanto/manual/ansatze/ucc_family.html	P2	concept	partial			0	/mirror/manual/ansatze/ucc_family/
17	manual/ansatze/hardware_efficient	硬件高效 ansatz（HEA）	Hardware-efficient ansatz	https://docs.quantinuum.com/inquanto/manual/ansatze/hea.html	P2	concept	shipped	qchem_stack.quantum.ansatze.hea		0	/mirror/manual/ansatze/hardware_efficient/
18	manual/minimizers	极小化器	Minimizers	https://docs.quantinuum.com/inquanto/manual/minimizers.html	P2	reference	partial	qchem_stack.quantum.minimizers		0	/mirror/manual/minimizers/
19	manual/computables	Computables 概览	Computables overview	https://docs.quantinuum.com/inquanto/manual/computables_overview.html	P2	concept	partial	qchem_stack.protocols.computable		0	/mirror/manual/computables/
20	manual/computables/atomic	原子 computable	Atomic computables	https://docs.quantinuum.com/inquanto/manual/computables/atomic.html	P2	concept	partial			0	/mirror/manual/computables/atomic/
21	manual/computables/composite	复合 computable	Composite computables	https://docs.quantinuum.com/inquanto/manual/computables/composite_computables.html	P2	concept	placeholder		Q4 2026	0	/mirror/manual/computables/composite/
22	manual/computables/primitives	原语 computable	Primitive computables	https://docs.quantinuum.com/inquanto/manual/computables/primitives.html	P2	concept	placeholder		Q4 2026	0	/mirror/manual/computables/primitives/
23	manual/computables/evaluating_w_protocols	用 Protocol 求值	Evaluating with protocols	https://docs.quantinuum.com/inquanto/manual/computables/evaluating_w_protocols.html	P2	concept	shipped	qchem_stack.protocols.computable		0	/mirror/manual/computables/evaluating_w_protocols/
24	manual/protocols	Protocols 概览（五阶段）	Protocols overview (five stages)	https://docs.quantinuum.com/inquanto/manual/protocols_overview.html	P2	concept	partial	qchem_stack.protocols.PauliAveragingProtocol		0	/mirror/manual/protocols/
25	manual/protocols/statevector	态向量 Protocol	Statevector protocols	https://docs.quantinuum.com/inquanto/manual/protocols/statevector.html	P2	concept	partial	qchem_stack.protocols		0	/mirror/manual/protocols/statevector/
26	manual/protocols/averaging	平均（Pauli）Protocol	Averaging protocols	https://docs.quantinuum.com/inquanto/manual/protocols/expval.html	P2	concept	shipped	qchem_stack.protocols.PauliAveragingProtocol		0	/mirror/manual/protocols/averaging/
27	manual/protocols/overlap	重叠 / 投影 Protocol	Overlap protocols	https://docs.quantinuum.com/inquanto/manual/protocols/overlap.html	P2	concept	placeholder		Q3 2026	0	/mirror/manual/protocols/overlap/
28	manual/protocols/derivatives	导数 Protocol	Derivative protocols	https://docs.quantinuum.com/inquanto/manual/protocols/derivative.html	P2	concept	placeholder		Q3 2026	0	/mirror/manual/protocols/derivatives/
29	manual/protocols/phase_estimation	量子相位估计 Protocol	Quantum phase estimation protocols	https://docs.quantinuum.com/inquanto/manual/protocols/qpe.html	P2	concept	placeholder	qchem_stack.qpe_qec_demo	Q4 2026	0	/mirror/manual/protocols/phase_estimation/
30	manual/protocols/resource_estimation	资源估计	Resource estimation	https://docs.quantinuum.com/inquanto/manual/protocols/resource_estimation.html	P2	concept	shipped	qchem_stack.protocols.PauliAveragingProtocol.dataframe_circuit_shot		0	/mirror/manual/protocols/resource_estimation/
31	manual/algorithms	Algorithms 概览	Algorithms overview	https://docs.quantinuum.com/inquanto/manual/algorithms_overview.html	P2	concept	partial	qchem_stack.quantum.algorithms		0	/mirror/manual/algorithms/
32	manual/algorithms/vqe	VQE	VQE	https://docs.quantinuum.com/inquanto/manual/algorithms/algorithms_vqe.html	P2	concept	shipped	qchem_stack.quantum.algorithms.vqe		0	/mirror/manual/algorithms/vqe/
33	manual/algorithms/adapt	ADAPT-VQE 家族	ADAPT-VQE family	https://docs.quantinuum.com/inquanto/manual/algorithms/algorithms_adapt.html	P2	concept	partial	qchem_stack.quantum.algorithms.adapt		0	/mirror/manual/algorithms/adapt/
34	manual/algorithms/excited	激发态（VQD / QSE / SCEOM）	Excited states (VQD / QSE / SCEOM)	https://docs.quantinuum.com/inquanto/manual/algorithms/algorithms_excited.html	P2	concept	partial	qchem_stack.quantum.algorithms.excited		0	/mirror/manual/algorithms/excited/
35	manual/algorithms/qpe	量子相位估计算法	Quantum phase estimation algorithms	https://docs.quantinuum.com/inquanto/manual/algorithms/algorithms_qpe.html	P2	concept	placeholder	qchem_stack.qpe_qec_demo	Q4 2026	0	/mirror/manual/algorithms/qpe/
36	manual/algorithms/time_evolution	时间演化（VQS / McLachlan）	Time evolution (VQS / McLachlan)	https://docs.quantinuum.com/inquanto/manual/algorithms/te_vqs.html	P2	concept	placeholder		2027	0	/mirror/manual/algorithms/time_evolution/
37	manual/embedding	嵌入与 DMET	Embeddings and DMET	https://docs.quantinuum.com/inquanto/manual/dmet.html	P1	concept	partial	qchem_stack.chem.embedding		0	/mirror/manual/embedding/
38	manual/embedding/dmet_intro	DMET 概览	DMET overview	https://docs.quantinuum.com/inquanto/manual/dmet.html	P1	concept	partial	qchem_stack.chem.embedding.dmet		0	/mirror/manual/embedding/dmet_intro/
39	manual/embedding/projection_embedding	投影嵌入	Projection embedding	https://docs.quantinuum.com/inquanto/manual/projection_embedding.html	P1	concept	partial	qchem_stack.chem.embedding.projection		0	/mirror/manual/embedding/projection_embedding/
40	manual/embedding/nevpt2_ac0	NEVPT2 / AC0 校正	NEVPT2 / AC0 corrections	https://docs.quantinuum.com/inquanto/manual/nevpt2.html	P1	concept	placeholder		2027	0	/mirror/manual/embedding/nevpt2_ac0/
41	manual/noise_mitigation	噪声缓解	Noise mitigation	https://docs.quantinuum.com/inquanto/manual/errmit.html	P3	concept	partial	qchem_stack.mitigation		0	/mirror/manual/noise_mitigation/
42	manual/noise_mitigation/qermit	Qermit MitRes / MitEx 集成	Qermit MitRes / MitEx integration	https://docs.quantinuum.com/inquanto/manual/errmit.html#using-qermit	P3	concept	partial	qchem_stack.mitigation.qermit_analog		0	/mirror/manual/noise_mitigation/qermit/
43	manual/noise_mitigation/pmsv_spam	PMSV 与 SPAM	PMSV and SPAM	https://docs.quantinuum.com/inquanto/manual/errmit.html#using-inquanto-s-pmsv-and-spam	P3	concept	shipped	qchem_stack.mitigation		0	/mirror/manual/noise_mitigation/pmsv_spam/
44	tutorials	教程	Tutorials	https://docs.quantinuum.com/inquanto/tutorials/tutorial_overview.html	meta	tutorial	partial			0	/mirror/tutorials/
45	tutorials/core	核心教程	Core tutorials	https://docs.quantinuum.com/inquanto/tutorials/tutorial_overview.html#core-tutorials	P2	tutorial	partial			0	/mirror/tutorials/core/
46	tutorials/core/basic_vqe	基础 VQE	A basic VQE simulation	https://docs.quantinuum.com/inquanto/tutorials/InQ_tut_VQE.html	P2	tutorial	shipped	qchem_stack.express		0	/mirror/tutorials/core/basic_vqe/
47	tutorials/core/extended_vqe	扩展 VQE	Extended VQE	https://docs.quantinuum.com/inquanto/tutorials/InQ_tut_VQE_extended.html	P2	tutorial	partial			0	/mirror/tutorials/core/extended_vqe/
48	tutorials/core/vqd	激发态 VQD	Variational quantum deflation for excited states	https://docs.quantinuum.com/inquanto/tutorials/InQ_tut_VQD.html	P2	tutorial	partial	qchem_stack.quantum.algorithms.excited		0	/mirror/tutorials/core/vqd/
49	tutorials/core/nglview	nglview 可视化	Visualization with NGLView (reference)	https://docs.quantinuum.com/inquanto/tutorials/InQ_tut_nglview.html	P2	tutorial	not-applicable			0	/mirror/tutorials/core/nglview/
50	tutorials/backends	后端教程	Backend tutorials	https://docs.quantinuum.com/inquanto/tutorials/tutorial_overview.html#backend-tutorials	P3	tutorial	partial			0	/mirror/tutorials/backends/
51	tutorials/backends/backends_setup	后端搭建	Setting up and accessing backends	https://docs.quantinuum.com/inquanto/tutorials/InQ_tut_backends.html	P3	tutorial	shipped	qchem_stack.backends		0	/mirror/tutorials/backends/backends_setup/
52	tutorials/backends/nexus_intro	Nexus 后端管理	Accessing and managing backends with Nexus	https://docs.quantinuum.com/inquanto/tutorials/InQ_tut_nexus.html	P3	tutorial	not-applicable	qchem_stack.api		0	/mirror/tutorials/backends/nexus_intro/
53	tutorials/backends/helios_selene	Helios / Selene 后端提交（参考教程）	Helios / Selene backend submission (reference tutorial)	https://docs.quantinuum.com/inquanto/tutorials/InQ_tut_helios.html	P3	tutorial	not-applicable			0	/mirror/tutorials/backends/helios_selene/
54	tutorials/backends/aer_shots	Aer 采样（shots）	Hamiltonian averaging with the Aer simulator (shots)	https://docs.quantinuum.com/inquanto/tutorials/InQ_tut_qiskit_shots.html	P3	tutorial	shipped	qchem_stack.backends.qiskit_pauli_shots		0	/mirror/tutorials/backends/aer_shots/
55	tutorials/backends/circuit_compilation	电路编译流水线	Circuit compilation in protocols workflow	https://docs.quantinuum.com/inquanto/tutorials/InQ_tut_compilation.html	P3	tutorial	partial	qchem_stack.backends.compile_passes		0	/mirror/tutorials/backends/circuit_compilation/
56	tutorials/backends/async	异步实验	Running asynchronous experiments	https://docs.quantinuum.com/inquanto/tutorials/InQ_tut_async.html	P3	tutorial	partial	qchem_stack.jobs.store		0	/mirror/tutorials/backends/async/
57	tutorials/backends/qse_quantinuum	QSE 硬件后端教程（参考）	QSE on hardware backends (reference tutorial)	https://docs.quantinuum.com/inquanto/tutorials/InQ_tut_qse.html	P3	tutorial	partial			0	/mirror/tutorials/backends/qse_quantinuum/
58	tutorials/case_study_fe4n2	Fe4N2 案例研究	Fe4N2 case study	https://docs.quantinuum.com/inquanto/tutorials/tutorial_overview.html#case-study-tutorials-fe4n2	P1	tutorial	placeholder		2027	0	/mirror/tutorials/case_study_fe4n2/
59	tutorials/case_study_fe4n2/fe4n2_avas_casscf	Fe4N2：AVAS + CASSCF	Fe4N2 — AVAS + CASSCF	https://docs.quantinuum.com/inquanto/tutorials/InQ_tut_fe4n2_1.html	P1	tutorial	placeholder			0	/mirror/tutorials/case_study_fe4n2/fe4n2_avas_casscf/
60	tutorials/case_study_fe4n2/fe4n2_adapt	Fe4N2：ADAPT 构造高效线路	Fe4N2 — ADAPT efficient circuits	https://docs.quantinuum.com/inquanto/tutorials/InQ_tut_fe4n2_2.html	P1	tutorial	placeholder			0	/mirror/tutorials/case_study_fe4n2/fe4n2_adapt/
61	tutorials/case_study_fe4n2/fe4n2_hardware	Fe4N2：噪声硬件评估	Fe4N2 — running on noisy hardware	https://docs.quantinuum.com/inquanto/tutorials/InQ_tut_fe4n2_3.html	P1	tutorial	not-applicable			0	/mirror/tutorials/case_study_fe4n2/fe4n2_hardware/
62	tutorials/fragmentation	碎片化教程	Fragmentation tutorials	https://docs.quantinuum.com/inquanto/tutorials/tutorial_overview.html#fragmentation-tutorials	P1	tutorial	partial			0	/mirror/tutorials/fragmentation/
63	tutorials/fragmentation/dmet_basic	大体系 DMET 入门	Tackling larger systems with fragmentation	https://docs.quantinuum.com/inquanto/tutorials/InQ_tut_dmet.html	P1	tutorial	partial	qchem_stack.chem.embedding.dmet		0	/mirror/tutorials/fragmentation/dmet_basic/
64	tutorials/fragmentation/projection_embedding	投影嵌入	Projection-based embedding	https://docs.quantinuum.com/inquanto/tutorials/InQ_tut_projection.html	P1	tutorial	partial	qchem_stack.chem.embedding.projection		0	/mirror/tutorials/fragmentation/projection_embedding/
65	tutorials/fragmentation/nevpt2_ac0	NEVPT2 + AC0 校正	NEVPT2 + AC0 corrections	https://docs.quantinuum.com/inquanto/tutorials/InQ_tut_nevpt2_AC0.html	P1	tutorial	placeholder		2027	0	/mirror/tutorials/fragmentation/nevpt2_ac0/
66	tutorials/fragmentation/wft_dft	WFT-in-DFT + NEVPT2 / AC0	WFT-in-DFT + NEVPT2 or AC0	https://docs.quantinuum.com/inquanto/tutorials/InQ_tut_wft_dft_2.html	P1	tutorial	placeholder		2027	0	/mirror/tutorials/fragmentation/wft_dft/
67	extensions	扩展	Extensions	https://docs.quantinuum.com/inquanto/extensions/extensions-overview.html	meta	reference	partial			0	/mirror/extensions/
68	extensions/inquanto_pyscf	PySCF 扩展（参考文档）	PySCF extension (reference)	https://docs.quantinuum.com/inquanto/extensions/inquanto-pyscf.html	P1	reference	partial	qchem_stack.chem.drivers.pyscf_driver		0	/mirror/extensions/inquanto_pyscf/
69	extensions/inquanto_nexus	Nexus 集成（参考文档）	Nexus integration (reference)	https://docs.quantinuum.com/inquanto/extensions/inquanto-nexus.html	P4	reference	not-applicable	qchem_stack.api		0	/mirror/extensions/inquanto_nexus/
70	extensions/inquanto_nglview	NGLView 可视化（参考文档）	NGLView visualization (reference)	https://docs.quantinuum.com/inquanto/extensions/inquanto-nglview.html	P1	reference	not-applicable			0	/mirror/extensions/inquanto_nglview/
71	extensions/inquanto_phayes	Phayes 扩展（参考文档）	Phayes extension (reference)	https://docs.quantinuum.com/inquanto/extensions/inquanto-phayes.html	P2	reference	placeholder	qchem_stack.qpe_qec_demo.bayesian_stub	2027	0	/mirror/extensions/inquanto_phayes/
72	extensions/inquanto_cutensornet	cuTensorNet 扩展（参考文档）	cuTensorNet extension (reference)	https://docs.quantinuum.com/inquanto/api/extensions/inquanto-cutensornet_api.html	P3	reference	partial	qchem_stack.tensornet		0	/mirror/extensions/inquanto_cutensornet/
73	api	API 参考	API reference	https://docs.quantinuum.com/inquanto/api/inquanto/	meta	reference	partial			0	/mirror/api/
74	api/api_intro_inquanto	参考文档 · API 总览	Reference documentation · API overview	https://docs.quantinuum.com/inquanto/api/inquanto_api_intro.html	meta	reference	shipped			0	/mirror/api/api_intro_inquanto/
75	api/api_intro_extensions	参考文档 · 扩展 API 总览	Reference documentation · Extensions API overview	https://docs.quantinuum.com/inquanto/api/inquanto-ext_api_intro.html	meta	reference	shipped			0	/mirror/api/api_intro_extensions/
76	api/algorithms	参考 API · inquanto.algorithms	Reference API · inquanto.algorithms	https://docs.quantinuum.com/inquanto/api/inquanto/algorithms.html	P2	reference	partial	qchem_stack.quantum.algorithms		0	/mirror/api/algorithms/
77	api/algorithms/classes/AlgorithmVQE	AlgorithmVQE	AlgorithmVQE	https://docs.quantinuum.com/inquanto/api/inquanto/algorithms.html#inquanto.algorithms.AlgorithmVQE	P2	reference	shipped	qchem_stack.quantum.algorithms.vqe		1	/mirror/api/algorithms/classes/AlgorithmVQE/
78	api/algorithms/classes/AlgorithmAdaptVQE	AlgorithmAdaptVQE	AlgorithmAdaptVQE	https://docs.quantinuum.com/inquanto/api/inquanto/algorithms.html#inquanto.algorithms.AlgorithmAdaptVQE	P2	reference	partial	qchem_stack.quantum.algorithms.adapt		1	/mirror/api/algorithms/classes/AlgorithmAdaptVQE/
79	api/algorithms/classes/AlgorithmFermionicAdaptVQE	AlgorithmFermionicAdaptVQE	AlgorithmFermionicAdaptVQE	https://docs.quantinuum.com/inquanto/api/inquanto/algorithms.html#inquanto.algorithms.AlgorithmFermionicAdaptVQE	P2	reference	partial	qchem_stack.quantum.algorithms.adapt		1	/mirror/api/algorithms/classes/AlgorithmFermionicAdaptVQE/
80	api/algorithms/classes/AlgorithmIQEB	AlgorithmIQEB	AlgorithmIQEB	https://docs.quantinuum.com/inquanto/api/inquanto/algorithms.html#inquanto.algorithms.AlgorithmIQEB	P2	reference	partial	qchem_stack.quantum.algorithms.iqeb		1	/mirror/api/algorithms/classes/AlgorithmIQEB/
81	api/algorithms/classes/AlgorithmVQD	AlgorithmVQD	AlgorithmVQD	https://docs.quantinuum.com/inquanto/api/inquanto/algorithms.html#inquanto.algorithms.AlgorithmVQD	P2	reference	partial	qchem_stack.quantum.algorithms.excited		1	/mirror/api/algorithms/classes/AlgorithmVQD/
82	api/algorithms/classes/AlgorithmQSE	AlgorithmQSE	AlgorithmQSE	https://docs.quantinuum.com/inquanto/api/inquanto/algorithms.html#inquanto.algorithms.AlgorithmQSE	P2	reference	partial	qchem_stack.quantum.qse_transition		1	/mirror/api/algorithms/classes/AlgorithmQSE/
83	api/algorithms/classes/AlgorithmSCEOM	AlgorithmSCEOM	AlgorithmSCEOM	https://docs.quantinuum.com/inquanto/api/inquanto/algorithms.html#inquanto.algorithms.AlgorithmSCEOM	P2	reference	partial	qchem_stack.quantum.algorithms.sceom		1	/mirror/api/algorithms/classes/AlgorithmSCEOM/
84	api/algorithms/classes/AlgorithmDeterministicQPE	AlgorithmDeterministicQPE	AlgorithmDeterministicQPE	https://docs.quantinuum.com/inquanto/api/inquanto/algorithms.html#inquanto.algorithms.AlgorithmDeterministicQPE	P2	reference	placeholder		Q4 2026	1	/mirror/api/algorithms/classes/AlgorithmDeterministicQPE/
85	api/algorithms/classes/AlgorithmInfoTheoryQPE	AlgorithmInfoTheoryQPE	AlgorithmInfoTheoryQPE	https://docs.quantinuum.com/inquanto/api/inquanto/algorithms.html#inquanto.algorithms.AlgorithmInfoTheoryQPE	P2	reference	placeholder		Q4 2026	1	/mirror/api/algorithms/classes/AlgorithmInfoTheoryQPE/
86	api/algorithms/classes/AlgorithmKitaevQPE	AlgorithmKitaevQPE	AlgorithmKitaevQPE	https://docs.quantinuum.com/inquanto/api/inquanto/algorithms.html#inquanto.algorithms.AlgorithmKitaevQPE	P2	reference	placeholder		Q4 2026	1	/mirror/api/algorithms/classes/AlgorithmKitaevQPE/
87	api/algorithms/classes/AlgorithmVQS	AlgorithmVQS	AlgorithmVQS	https://docs.quantinuum.com/inquanto/api/inquanto/algorithms.html#inquanto.algorithms.AlgorithmVQS	P2	reference	placeholder		2027	1	/mirror/api/algorithms/classes/AlgorithmVQS/
88	api/algorithms/classes/AlgorithmMcLachlanRealTime	AlgorithmMcLachlanRealTime	AlgorithmMcLachlanRealTime	https://docs.quantinuum.com/inquanto/api/inquanto/algorithms.html#inquanto.algorithms.AlgorithmMcLachlanRealTime	P2	reference	placeholder		2027	1	/mirror/api/algorithms/classes/AlgorithmMcLachlanRealTime/
89	api/algorithms/classes/AlgorithmMcLachlanImagTime	AlgorithmMcLachlanImagTime	AlgorithmMcLachlanImagTime	https://docs.quantinuum.com/inquanto/api/inquanto/algorithms.html#inquanto.algorithms.AlgorithmMcLachlanImagTime	P2	reference	placeholder		2027	1	/mirror/api/algorithms/classes/AlgorithmMcLachlanImagTime/
90	api/ansatz	参考 API · inquanto.ansatzes	Reference API · inquanto.ansatzes	https://docs.quantinuum.com/inquanto/api/inquanto/ansatz.html	P2	reference	partial	qchem_stack.quantum.ansatze		0	/mirror/api/ansatz/
91	api/ansatz/classes/GeneralAnsatz	GeneralAnsatz	GeneralAnsatz	https://docs.quantinuum.com/inquanto/api/inquanto/ansatz.html#inquanto.ansatz.GeneralAnsatz	P2	reference	partial			1	/mirror/api/ansatz/classes/GeneralAnsatz/
92	api/ansatz/classes/CircuitAnsatz	CircuitAnsatz	CircuitAnsatz	https://docs.quantinuum.com/inquanto/api/inquanto/ansatz.html#inquanto.ansatz.CircuitAnsatz	P2	reference	partial			1	/mirror/api/ansatz/classes/CircuitAnsatz/
93	api/ansatz/classes/ComposedAnsatz	ComposedAnsatz	ComposedAnsatz	https://docs.quantinuum.com/inquanto/api/inquanto/ansatz.html#inquanto.ansatz.ComposedAnsatz	P2	reference	placeholder			1	/mirror/api/ansatz/classes/ComposedAnsatz/
94	api/ansatz/classes/TrotterAnsatz	TrotterAnsatz	TrotterAnsatz	https://docs.quantinuum.com/inquanto/api/inquanto/ansatz.html#inquanto.ansatz.TrotterAnsatz	P2	reference	partial			1	/mirror/api/ansatz/classes/TrotterAnsatz/
95	api/ansatz/classes/FermionSpaceStateExp	FermionSpaceStateExp	FermionSpaceStateExp	https://docs.quantinuum.com/inquanto/api/inquanto/ansatz.html#inquanto.ansatz.FermionSpaceStateExp	P2	reference	partial			1	/mirror/api/ansatz/classes/FermionSpaceStateExp/
96	api/ansatz/classes/FermionSpaceAnsatzUCCSD	FermionSpaceAnsatzUCCSD	FermionSpaceAnsatzUCCSD	https://docs.quantinuum.com/inquanto/api/inquanto/ansatz.html#inquanto.ansatz.FermionSpaceAnsatzUCCSD	P2	reference	partial			1	/mirror/api/ansatz/classes/FermionSpaceAnsatzUCCSD/
97	api/ansatz/classes/FermionSpaceAnsatzUCCD	FermionSpaceAnsatzUCCD	FermionSpaceAnsatzUCCD	https://docs.quantinuum.com/inquanto/api/inquanto/ansatz.html#inquanto.ansatz.FermionSpaceAnsatzUCCD	P2	reference	placeholder			1	/mirror/api/ansatz/classes/FermionSpaceAnsatzUCCD/
98	api/ansatz/classes/FermionSpaceStateExpChemicallyAware	FermionSpaceStateExpChemicallyAware	FermionSpaceStateExpChemicallyAware	https://docs.quantinuum.com/inquanto/api/inquanto/ansatz.html#inquanto.ansatz.FermionSpaceStateExpChemicallyAware	P2	reference	placeholder			1	/mirror/api/ansatz/classes/FermionSpaceStateExpChemicallyAware/
99	api/ansatz/classes/FermionSpaceAnsatzChemicallyAwareUCCSD	FermionSpaceAnsatzChemicallyAwareUCCSD	FermionSpaceAnsatzChemicallyAwareUCCSD	https://docs.quantinuum.com/inquanto/api/inquanto/ansatz.html#inquanto.ansatz.FermionSpaceAnsatzChemicallyAwareUCCSD	P2	reference	placeholder			1	/mirror/api/ansatz/classes/FermionSpaceAnsatzChemicallyAwareUCCSD/
100	api/ansatz/classes/FermionSpaceAnsatzkUpCCGD	FermionSpaceAnsatzkUpCCGD	FermionSpaceAnsatzkUpCCGD	https://docs.quantinuum.com/inquanto/api/inquanto/ansatz.html#inquanto.ansatz.FermionSpaceAnsatzkUpCCGD	P2	reference	placeholder			1	/mirror/api/ansatz/classes/FermionSpaceAnsatzkUpCCGD/
101	api/ansatz/classes/FermionSpaceAnsatzkUpCCGSD	FermionSpaceAnsatzkUpCCGSD	FermionSpaceAnsatzkUpCCGSD	https://docs.quantinuum.com/inquanto/api/inquanto/ansatz.html#inquanto.ansatz.FermionSpaceAnsatzkUpCCGSD	P2	reference	placeholder			1	/mirror/api/ansatz/classes/FermionSpaceAnsatzkUpCCGSD/
102	api/ansatz/classes/FermionSpaceAnsatzkUpCCGSDSinglet	FermionSpaceAnsatzkUpCCGSDSinglet	FermionSpaceAnsatzkUpCCGSDSinglet	https://docs.quantinuum.com/inquanto/api/inquanto/ansatz.html#inquanto.ansatz.FermionSpaceAnsatzkUpCCGSDSinglet	P2	reference	placeholder			1	/mirror/api/ansatz/classes/FermionSpaceAnsatzkUpCCGSDSinglet/
103	api/ansatz/classes/FermionSpaceAnsatzUCCGD	FermionSpaceAnsatzUCCGD	FermionSpaceAnsatzUCCGD	https://docs.quantinuum.com/inquanto/api/inquanto/ansatz.html#inquanto.ansatz.FermionSpaceAnsatzUCCGD	P2	reference	placeholder			1	/mirror/api/ansatz/classes/FermionSpaceAnsatzUCCGD/
104	api/ansatz/classes/FermionSpaceAnsatzUCCGSD	FermionSpaceAnsatzUCCGSD	FermionSpaceAnsatzUCCGSD	https://docs.quantinuum.com/inquanto/api/inquanto/ansatz.html#inquanto.ansatz.FermionSpaceAnsatzUCCGSD	P2	reference	placeholder			1	/mirror/api/ansatz/classes/FermionSpaceAnsatzUCCGSD/
105	api/ansatz/classes/FermionSpaceAnsatzUCCSDSinglet	FermionSpaceAnsatzUCCSDSinglet	FermionSpaceAnsatzUCCSDSinglet	https://docs.quantinuum.com/inquanto/api/inquanto/ansatz.html#inquanto.ansatz.FermionSpaceAnsatzUCCSDSinglet	P2	reference	placeholder			1	/mirror/api/ansatz/classes/FermionSpaceAnsatzUCCSDSinglet/
106	api/ansatz/classes/FermionSpaceAnsatzsUPS	FermionSpaceAnsatzsUPS	FermionSpaceAnsatzsUPS	https://docs.quantinuum.com/inquanto/api/inquanto/ansatz.html#inquanto.ansatz.FermionSpaceAnsatzsUPS	P2	reference	placeholder			1	/mirror/api/ansatz/classes/FermionSpaceAnsatzsUPS/
107	api/ansatz/classes/FermionSpaceAnsatztUPS	FermionSpaceAnsatztUPS	FermionSpaceAnsatztUPS	https://docs.quantinuum.com/inquanto/api/inquanto/ansatz.html#inquanto.ansatz.FermionSpaceAnsatztUPS	P2	reference	placeholder			1	/mirror/api/ansatz/classes/FermionSpaceAnsatztUPS/
108	api/ansatz/classes/MultiConfigurationAnsatz	MultiConfigurationAnsatz	MultiConfigurationAnsatz	https://docs.quantinuum.com/inquanto/api/inquanto/ansatz.html#inquanto.ansatz.MultiConfigurationAnsatz	P2	reference	placeholder			1	/mirror/api/ansatz/classes/MultiConfigurationAnsatz/
109	api/ansatz/classes/MultiConfigurationState	MultiConfigurationState	MultiConfigurationState	https://docs.quantinuum.com/inquanto/api/inquanto/ansatz.html#inquanto.ansatz.MultiConfigurationState	P2	reference	placeholder			1	/mirror/api/ansatz/classes/MultiConfigurationState/
110	api/ansatz/classes/MultiConfigurationStateBox	MultiConfigurationStateBox	MultiConfigurationStateBox	https://docs.quantinuum.com/inquanto/api/inquanto/ansatz.html#inquanto.ansatz.MultiConfigurationStateBox	P2	reference	placeholder			1	/mirror/api/ansatz/classes/MultiConfigurationStateBox/
111	api/ansatz/classes/MultiConfigurationAnsatzSparse	MultiConfigurationAnsatzSparse	MultiConfigurationAnsatzSparse	https://docs.quantinuum.com/inquanto/api/inquanto/ansatz.html#inquanto.ansatz.MultiConfigurationAnsatzSparse	P2	reference	placeholder			1	/mirror/api/ansatz/classes/MultiConfigurationAnsatzSparse/
112	api/ansatz/classes/MultiConfigurationStateSparse	MultiConfigurationStateSparse	MultiConfigurationStateSparse	https://docs.quantinuum.com/inquanto/api/inquanto/ansatz.html#inquanto.ansatz.MultiConfigurationStateSparse	P2	reference	placeholder			1	/mirror/api/ansatz/classes/MultiConfigurationStateSparse/
113	api/ansatz/classes/RealGeneralizedBasisRotationAnsatz	RealGeneralizedBasisRotationAnsatz	RealGeneralizedBasisRotationAnsatz	https://docs.quantinuum.com/inquanto/api/inquanto/ansatz.html#inquanto.ansatz.RealGeneralizedBasisRotationAnsatz	P2	reference	placeholder			1	/mirror/api/ansatz/classes/RealGeneralizedBasisRotationAnsatz/
114	api/ansatz/classes/RealRestrictedBasisRotationAnsatz	RealRestrictedBasisRotationAnsatz	RealRestrictedBasisRotationAnsatz	https://docs.quantinuum.com/inquanto/api/inquanto/ansatz.html#inquanto.ansatz.RealRestrictedBasisRotationAnsatz	P2	reference	placeholder			1	/mirror/api/ansatz/classes/RealRestrictedBasisRotationAnsatz/
115	api/ansatz/classes/RealUnrestrictedBasisRotationAnsatz	RealUnrestrictedBasisRotationAnsatz	RealUnrestrictedBasisRotationAnsatz	https://docs.quantinuum.com/inquanto/api/inquanto/ansatz.html#inquanto.ansatz.RealUnrestrictedBasisRotationAnsatz	P2	reference	placeholder			1	/mirror/api/ansatz/classes/RealUnrestrictedBasisRotationAnsatz/
116	api/ansatz/classes/HamiltonianVariationalAnsatz	HamiltonianVariationalAnsatz	HamiltonianVariationalAnsatz	https://docs.quantinuum.com/inquanto/api/inquanto/ansatz.html#inquanto.ansatz.HamiltonianVariationalAnsatz	P2	reference	placeholder			1	/mirror/api/ansatz/classes/HamiltonianVariationalAnsatz/
117	api/ansatz/classes/LayeredAnsatz	LayeredAnsatz	LayeredAnsatz	https://docs.quantinuum.com/inquanto/api/inquanto/ansatz.html#inquanto.ansatz.LayeredAnsatz	P2	reference	placeholder			1	/mirror/api/ansatz/classes/LayeredAnsatz/
118	api/ansatz/classes/HardwareEfficientAnsatz	HardwareEfficientAnsatz	HardwareEfficientAnsatz	https://docs.quantinuum.com/inquanto/api/inquanto/ansatz.html#inquanto.ansatz.HardwareEfficientAnsatz	P2	reference	shipped	qchem_stack.quantum.ansatze.hea		1	/mirror/api/ansatz/classes/HardwareEfficientAnsatz/
119	api/computables	参考 API · inquanto.computables	Reference API · inquanto.computables	https://docs.quantinuum.com/inquanto/api/inquanto/computables.html	P2	reference	partial	qchem_stack.protocols.computable		0	/mirror/api/computables/
120	api/computables/classes/ExpectationValue	ExpectationValue	ExpectationValue	https://docs.quantinuum.com/inquanto/api/inquanto/computables.html#inquanto.computables.ExpectationValue	P2	reference	partial			1	/mirror/api/computables/classes/ExpectationValue/
121	api/computables/classes/ExpectationValueBraDerivative	ExpectationValueBraDerivative	ExpectationValueBraDerivative	https://docs.quantinuum.com/inquanto/api/inquanto/computables.html#inquanto.computables.ExpectationValueBraDerivative	P2	reference	placeholder			1	/mirror/api/computables/classes/ExpectationValueBraDerivative/
122	api/computables/classes/ExpectationValueBraDerivativeImag	ExpectationValueBraDerivativeImag	ExpectationValueBraDerivativeImag	https://docs.quantinuum.com/inquanto/api/inquanto/computables.html#inquanto.computables.ExpectationValueBraDerivativeImag	P2	reference	placeholder			1	/mirror/api/computables/classes/ExpectationValueBraDerivativeImag/
123	api/computables/classes/ExpectationValueBraDerivativeReal	ExpectationValueBraDerivativeReal	ExpectationValueBraDerivativeReal	https://docs.quantinuum.com/inquanto/api/inquanto/computables.html#inquanto.computables.ExpectationValueBraDerivativeReal	P2	reference	placeholder			1	/mirror/api/computables/classes/ExpectationValueBraDerivativeReal/
124	api/computables/classes/ExpectationValueDerivative	ExpectationValueDerivative	ExpectationValueDerivative	https://docs.quantinuum.com/inquanto/api/inquanto/computables.html#inquanto.computables.ExpectationValueDerivative	P2	reference	placeholder			1	/mirror/api/computables/classes/ExpectationValueDerivative/
125	api/computables/classes/ExpectationValueKetDerivative	ExpectationValueKetDerivative	ExpectationValueKetDerivative	https://docs.quantinuum.com/inquanto/api/inquanto/computables.html#inquanto.computables.ExpectationValueKetDerivative	P2	reference	placeholder			1	/mirror/api/computables/classes/ExpectationValueKetDerivative/
126	api/computables/classes/ExpectationValueKetDerivativeImag	ExpectationValueKetDerivativeImag	ExpectationValueKetDerivativeImag	https://docs.quantinuum.com/inquanto/api/inquanto/computables.html#inquanto.computables.ExpectationValueKetDerivativeImag	P2	reference	placeholder			1	/mirror/api/computables/classes/ExpectationValueKetDerivativeImag/
127	api/computables/classes/ExpectationValueKetDerivativeReal	ExpectationValueKetDerivativeReal	ExpectationValueKetDerivativeReal	https://docs.quantinuum.com/inquanto/api/inquanto/computables.html#inquanto.computables.ExpectationValueKetDerivativeReal	P2	reference	placeholder			1	/mirror/api/computables/classes/ExpectationValueKetDerivativeReal/
128	api/computables/classes/ExpectationValueNonHermitian	ExpectationValueNonHermitian	ExpectationValueNonHermitian	https://docs.quantinuum.com/inquanto/api/inquanto/computables.html#inquanto.computables.ExpectationValueNonHermitian	P2	reference	placeholder			1	/mirror/api/computables/classes/ExpectationValueNonHermitian/
129	api/computables/classes/MetricTensorImag	MetricTensorImag	MetricTensorImag	https://docs.quantinuum.com/inquanto/api/inquanto/computables.html#inquanto.computables.MetricTensorImag	P2	reference	placeholder			1	/mirror/api/computables/classes/MetricTensorImag/
130	api/computables/classes/MetricTensorReal	MetricTensorReal	MetricTensorReal	https://docs.quantinuum.com/inquanto/api/inquanto/computables.html#inquanto.computables.MetricTensorReal	P2	reference	placeholder			1	/mirror/api/computables/classes/MetricTensorReal/
131	api/computables/classes/Overlap	Overlap	Overlap	https://docs.quantinuum.com/inquanto/api/inquanto/computables.html#inquanto.computables.Overlap	P2	reference	placeholder			1	/mirror/api/computables/classes/Overlap/
132	api/computables/classes/OverlapImag	OverlapImag	OverlapImag	https://docs.quantinuum.com/inquanto/api/inquanto/computables.html#inquanto.computables.OverlapImag	P2	reference	placeholder			1	/mirror/api/computables/classes/OverlapImag/
133	api/computables/classes/OverlapReal	OverlapReal	OverlapReal	https://docs.quantinuum.com/inquanto/api/inquanto/computables.html#inquanto.computables.OverlapReal	P2	reference	placeholder			1	/mirror/api/computables/classes/OverlapReal/
134	api/computables/classes/OverlapSquared	OverlapSquared	OverlapSquared	https://docs.quantinuum.com/inquanto/api/inquanto/computables.html#inquanto.computables.OverlapSquared	P2	reference	placeholder			1	/mirror/api/computables/classes/OverlapSquared/
135	api/computables/classes/ComputableFunction	ComputableFunction	ComputableFunction	https://docs.quantinuum.com/inquanto/api/inquanto/computables.html#inquanto.computables.ComputableFunction	P2	reference	partial			1	/mirror/api/computables/classes/ComputableFunction/
136	api/computables/classes/ComputableInt	ComputableInt	ComputableInt	https://docs.quantinuum.com/inquanto/api/inquanto/computables.html#inquanto.computables.ComputableInt	P2	reference	partial			1	/mirror/api/computables/classes/ComputableInt/
137	api/computables/classes/ComputableList	ComputableList	ComputableList	https://docs.quantinuum.com/inquanto/api/inquanto/computables.html#inquanto.computables.ComputableList	P2	reference	partial			1	/mirror/api/computables/classes/ComputableList/
138	api/computables/classes/ComputableTuple	ComputableTuple	ComputableTuple	https://docs.quantinuum.com/inquanto/api/inquanto/computables.html#inquanto.computables.ComputableTuple	P2	reference	partial			1	/mirror/api/computables/classes/ComputableTuple/
139	api/computables/classes/ComputableNode	ComputableNode	ComputableNode	https://docs.quantinuum.com/inquanto/api/inquanto/computables.html#inquanto.computables.ComputableNode	P2	reference	partial			1	/mirror/api/computables/classes/ComputableNode/
140	api/computables/classes/ComputableSingleChild	ComputableSingleChild	ComputableSingleChild	https://docs.quantinuum.com/inquanto/api/inquanto/computables.html#inquanto.computables.ComputableSingleChild	P2	reference	placeholder			1	/mirror/api/computables/classes/ComputableSingleChild/
141	api/computables/classes/Averageable	Averageable	Averageable	https://docs.quantinuum.com/inquanto/api/inquanto/computables.html#inquanto.computables.Averageable	P2	reference	placeholder			1	/mirror/api/computables/classes/Averageable/
142	api/computables/classes/Evaluatable	Evaluatable	Evaluatable	https://docs.quantinuum.com/inquanto/api/inquanto/computables.html#inquanto.computables.Evaluatable	P2	reference	placeholder			1	/mirror/api/computables/classes/Evaluatable/
143	api/computables/classes/CommutatorComputable	CommutatorComputable	CommutatorComputable	https://docs.quantinuum.com/inquanto/api/inquanto/computables.html#inquanto.computables.CommutatorComputable	P2	reference	placeholder			1	/mirror/api/computables/classes/CommutatorComputable/
144	api/computables/classes/ExpectationValueSumComputable	ExpectationValueSumComputable	ExpectationValueSumComputable	https://docs.quantinuum.com/inquanto/api/inquanto/computables.html#inquanto.computables.ExpectationValueSumComputable	P2	reference	placeholder			1	/mirror/api/computables/classes/ExpectationValueSumComputable/
145	api/computables/classes/HoleGFComputable	HoleGFComputable	HoleGFComputable	https://docs.quantinuum.com/inquanto/api/inquanto/computables.html#inquanto.computables.HoleGFComputable	P2	reference	placeholder			1	/mirror/api/computables/classes/HoleGFComputable/
146	api/computables/classes/KrylovSubspace	KrylovSubspace	KrylovSubspace	https://docs.quantinuum.com/inquanto/api/inquanto/computables.html#inquanto.computables.KrylovSubspace	P2	reference	placeholder			1	/mirror/api/computables/classes/KrylovSubspace/
147	api/computables/classes/KrylovSubspaceComputable	KrylovSubspaceComputable	KrylovSubspaceComputable	https://docs.quantinuum.com/inquanto/api/inquanto/computables.html#inquanto.computables.KrylovSubspaceComputable	P2	reference	placeholder			1	/mirror/api/computables/classes/KrylovSubspaceComputable/
148	api/computables/classes/LanczosCoefficientsComputable	LanczosCoefficientsComputable	LanczosCoefficientsComputable	https://docs.quantinuum.com/inquanto/api/inquanto/computables.html#inquanto.computables.LanczosCoefficientsComputable	P2	reference	placeholder			1	/mirror/api/computables/classes/LanczosCoefficientsComputable/
149	api/computables/classes/LanczosMatrixComputable	LanczosMatrixComputable	LanczosMatrixComputable	https://docs.quantinuum.com/inquanto/api/inquanto/computables.html#inquanto.computables.LanczosMatrixComputable	P2	reference	placeholder			1	/mirror/api/computables/classes/LanczosMatrixComputable/
150	api/computables/classes/ManyBodyGFComputable	ManyBodyGFComputable	ManyBodyGFComputable	https://docs.quantinuum.com/inquanto/api/inquanto/computables.html#inquanto.computables.ManyBodyGFComputable	P2	reference	placeholder			1	/mirror/api/computables/classes/ManyBodyGFComputable/
151	api/computables/classes/NonOrthogonalMatricesComputable	NonOrthogonalMatricesComputable	NonOrthogonalMatricesComputable	https://docs.quantinuum.com/inquanto/api/inquanto/computables.html#inquanto.computables.NonOrthogonalMatricesComputable	P2	reference	placeholder			1	/mirror/api/computables/classes/NonOrthogonalMatricesComputable/
152	api/computables/classes/OverlapMatrixComputable	OverlapMatrixComputable	OverlapMatrixComputable	https://docs.quantinuum.com/inquanto/api/inquanto/computables.html#inquanto.computables.OverlapMatrixComputable	P2	reference	placeholder			1	/mirror/api/computables/classes/OverlapMatrixComputable/
153	api/computables/classes/PDM1234RealComputable	PDM1234RealComputable	PDM1234RealComputable	https://docs.quantinuum.com/inquanto/api/inquanto/computables.html#inquanto.computables.PDM1234RealComputable	P2	reference	placeholder			1	/mirror/api/computables/classes/PDM1234RealComputable/
154	api/computables/classes/ParticleGFComputable	ParticleGFComputable	ParticleGFComputable	https://docs.quantinuum.com/inquanto/api/inquanto/computables.html#inquanto.computables.ParticleGFComputable	P2	reference	placeholder			1	/mirror/api/computables/classes/ParticleGFComputable/
155	api/computables/classes/QCM4Computable	QCM4Computable	QCM4Computable	https://docs.quantinuum.com/inquanto/api/inquanto/computables.html#inquanto.computables.QCM4Computable	P2	reference	placeholder			1	/mirror/api/computables/classes/QCM4Computable/
156	api/computables/classes/QSEMatricesComputable	QSEMatricesComputable	QSEMatricesComputable	https://docs.quantinuum.com/inquanto/api/inquanto/computables.html#inquanto.computables.QSEMatricesComputable	P2	reference	partial			1	/mirror/api/computables/classes/QSEMatricesComputable/
157	api/computables/classes/RDM1234RealComputable	RDM1234RealComputable	RDM1234RealComputable	https://docs.quantinuum.com/inquanto/api/inquanto/computables.html#inquanto.computables.RDM1234RealComputable	P2	reference	placeholder			1	/mirror/api/computables/classes/RDM1234RealComputable/
158	api/computables/classes/RestrictedOneBodyRDMComputable	RestrictedOneBodyRDMComputable	RestrictedOneBodyRDMComputable	https://docs.quantinuum.com/inquanto/api/inquanto/computables.html#inquanto.computables.RestrictedOneBodyRDMComputable	P2	reference	placeholder			1	/mirror/api/computables/classes/RestrictedOneBodyRDMComputable/
159	api/computables/classes/RestrictedOneBodyRDMRealComputable	RestrictedOneBodyRDMRealComputable	RestrictedOneBodyRDMRealComputable	https://docs.quantinuum.com/inquanto/api/inquanto/computables.html#inquanto.computables.RestrictedOneBodyRDMRealComputable	P2	reference	placeholder			1	/mirror/api/computables/classes/RestrictedOneBodyRDMRealComputable/
160	api/computables/classes/SCEOMMatrixComputable	SCEOMMatrixComputable	SCEOMMatrixComputable	https://docs.quantinuum.com/inquanto/api/inquanto/computables.html#inquanto.computables.SCEOMMatrixComputable	P2	reference	partial			1	/mirror/api/computables/classes/SCEOMMatrixComputable/
161	api/computables/classes/SpinlessNBodyPDMArrayRealComputable	SpinlessNBodyPDMArrayRealComputable	SpinlessNBodyPDMArrayRealComputable	https://docs.quantinuum.com/inquanto/api/inquanto/computables.html#inquanto.computables.SpinlessNBodyPDMArrayRealComputable	P2	reference	placeholder			1	/mirror/api/computables/classes/SpinlessNBodyPDMArrayRealComputable/
162	api/computables/classes/SpinlessNBodyRDMArrayRealComputable	SpinlessNBodyRDMArrayRealComputable	SpinlessNBodyRDMArrayRealComputable	https://docs.quantinuum.com/inquanto/api/inquanto/computables.html#inquanto.computables.SpinlessNBodyRDMArrayRealComputable	P2	reference	placeholder			1	/mirror/api/computables/classes/SpinlessNBodyRDMArrayRealComputable/
163	api/computables/classes/UnrestrictedOneBodyRDMComputable	UnrestrictedOneBodyRDMComputable	UnrestrictedOneBodyRDMComputable	https://docs.quantinuum.com/inquanto/api/inquanto/computables.html#inquanto.computables.UnrestrictedOneBodyRDMComputable	P2	reference	placeholder			1	/mirror/api/computables/classes/UnrestrictedOneBodyRDMComputable/
164	api/computables/classes/UnrestrictedOneBodyRDMRealComputable	UnrestrictedOneBodyRDMRealComputable	UnrestrictedOneBodyRDMRealComputable	https://docs.quantinuum.com/inquanto/api/inquanto/computables.html#inquanto.computables.UnrestrictedOneBodyRDMRealComputable	P2	reference	placeholder			1	/mirror/api/computables/classes/UnrestrictedOneBodyRDMRealComputable/
165	api/operators	参考 API · inquanto.operators	Reference API · inquanto.operators	https://docs.quantinuum.com/inquanto/api/inquanto/operators.html	P2	reference	partial	qchem_stack.chem.hamiltonian		0	/mirror/api/operators/
166	api/operators/classes/ChemistryRestrictedIntegralOperator	ChemistryRestrictedIntegralOperator	ChemistryRestrictedIntegralOperator	https://docs.quantinuum.com/inquanto/api/inquanto/operators.html#inquanto.operators.ChemistryRestrictedIntegralOperator	P2	reference	partial			1	/mirror/api/operators/classes/ChemistryRestrictedIntegralOperator/
167	api/operators/classes/ChemistryRestrictedIntegralOperatorCompact	ChemistryRestrictedIntegralOperatorCompact	ChemistryRestrictedIntegralOperatorCompact	https://docs.quantinuum.com/inquanto/api/inquanto/operators.html#inquanto.operators.ChemistryRestrictedIntegralOperatorCompact	P2	reference	placeholder			1	/mirror/api/operators/classes/ChemistryRestrictedIntegralOperatorCompact/
168	api/operators/classes/ChemistryUnrestrictedIntegralOperator	ChemistryUnrestrictedIntegralOperator	ChemistryUnrestrictedIntegralOperator	https://docs.quantinuum.com/inquanto/api/inquanto/operators.html#inquanto.operators.ChemistryUnrestrictedIntegralOperator	P2	reference	placeholder			1	/mirror/api/operators/classes/ChemistryUnrestrictedIntegralOperator/
169	api/operators/classes/ChemistryUnrestrictedIntegralOperatorCompact	ChemistryUnrestrictedIntegralOperatorCompact	ChemistryUnrestrictedIntegralOperatorCompact	https://docs.quantinuum.com/inquanto/api/inquanto/operators.html#inquanto.operators.ChemistryUnrestrictedIntegralOperatorCompact	P2	reference	placeholder			1	/mirror/api/operators/classes/ChemistryUnrestrictedIntegralOperatorCompact/
170	api/operators/classes/DoubleFactorizedTwoBodyIntegrals	DoubleFactorizedTwoBodyIntegrals	DoubleFactorizedTwoBodyIntegrals	https://docs.quantinuum.com/inquanto/api/inquanto/operators.html#inquanto.operators.DoubleFactorizedTwoBodyIntegrals	P2	reference	placeholder			1	/mirror/api/operators/classes/DoubleFactorizedTwoBodyIntegrals/
171	api/operators/classes/FCIDumpRestricted	FCIDumpRestricted	FCIDumpRestricted	https://docs.quantinuum.com/inquanto/api/inquanto/operators.html#inquanto.operators.FCIDumpRestricted	P2	reference	placeholder			1	/mirror/api/operators/classes/FCIDumpRestricted/
172	api/operators/classes/FCIDumpUnrestricted	FCIDumpUnrestricted	FCIDumpUnrestricted	https://docs.quantinuum.com/inquanto/api/inquanto/operators.html#inquanto.operators.FCIDumpUnrestricted	P2	reference	placeholder			1	/mirror/api/operators/classes/FCIDumpUnrestricted/
173	api/operators/classes/FermionOperator	FermionOperator	FermionOperator	https://docs.quantinuum.com/inquanto/api/inquanto/operators.html#inquanto.operators.FermionOperator	P2	reference	shipped			1	/mirror/api/operators/classes/FermionOperator/
174	api/operators/classes/FermionOperatorList	FermionOperatorList	FermionOperatorList	https://docs.quantinuum.com/inquanto/api/inquanto/operators.html#inquanto.operators.FermionOperatorList	P2	reference	shipped			1	/mirror/api/operators/classes/FermionOperatorList/
175	api/operators/classes/QubitOperator	QubitOperator	QubitOperator	https://docs.quantinuum.com/inquanto/api/inquanto/operators.html#inquanto.operators.QubitOperator	P2	reference	shipped			1	/mirror/api/operators/classes/QubitOperator/
176	api/operators/classes/QubitOperatorList	QubitOperatorList	QubitOperatorList	https://docs.quantinuum.com/inquanto/api/inquanto/operators.html#inquanto.operators.QubitOperatorList	P2	reference	shipped			1	/mirror/api/operators/classes/QubitOperatorList/
177	api/operators/classes/QubitOperatorString	QubitOperatorString	QubitOperatorString	https://docs.quantinuum.com/inquanto/api/inquanto/operators.html#inquanto.operators.QubitOperatorString	P2	reference	partial			1	/mirror/api/operators/classes/QubitOperatorString/
178	api/operators/classes/OrbitalTransformer	OrbitalTransformer	OrbitalTransformer	https://docs.quantinuum.com/inquanto/api/inquanto/operators.html#inquanto.operators.OrbitalTransformer	P2	reference	placeholder			1	/mirror/api/operators/classes/OrbitalTransformer/
179	api/operators/classes/RestrictedDoubleFactorizedHamiltonian	RestrictedDoubleFactorizedHamiltonian	RestrictedDoubleFactorizedHamiltonian	https://docs.quantinuum.com/inquanto/api/inquanto/operators.html#inquanto.operators.RestrictedDoubleFactorizedHamiltonian	P2	reference	placeholder			1	/mirror/api/operators/classes/RestrictedDoubleFactorizedHamiltonian/
180	api/operators/classes/RestrictedOneBodyRDM	RestrictedOneBodyRDM	RestrictedOneBodyRDM	https://docs.quantinuum.com/inquanto/api/inquanto/operators.html#inquanto.operators.RestrictedOneBodyRDM	P2	reference	placeholder			1	/mirror/api/operators/classes/RestrictedOneBodyRDM/
181	api/operators/classes/RestrictedTwoBodyRDM	RestrictedTwoBodyRDM	RestrictedTwoBodyRDM	https://docs.quantinuum.com/inquanto/api/inquanto/operators.html#inquanto.operators.RestrictedTwoBodyRDM	P2	reference	placeholder			1	/mirror/api/operators/classes/RestrictedTwoBodyRDM/
182	api/operators/classes/UnrestrictedDoubleFactorizedHamiltonian	UnrestrictedDoubleFactorizedHamiltonian	UnrestrictedDoubleFactorizedHamiltonian	https://docs.quantinuum.com/inquanto/api/inquanto/operators.html#inquanto.operators.UnrestrictedDoubleFactorizedHamiltonian	P2	reference	placeholder			1	/mirror/api/operators/classes/UnrestrictedDoubleFactorizedHamiltonian/
183	api/operators/classes/UnrestrictedOneBodyRDM	UnrestrictedOneBodyRDM	UnrestrictedOneBodyRDM	https://docs.quantinuum.com/inquanto/api/inquanto/operators.html#inquanto.operators.UnrestrictedOneBodyRDM	P2	reference	placeholder			1	/mirror/api/operators/classes/UnrestrictedOneBodyRDM/
184	api/operators/classes/UnrestrictedTwoBodyRDM	UnrestrictedTwoBodyRDM	UnrestrictedTwoBodyRDM	https://docs.quantinuum.com/inquanto/api/inquanto/operators.html#inquanto.operators.UnrestrictedTwoBodyRDM	P2	reference	placeholder			1	/mirror/api/operators/classes/UnrestrictedTwoBodyRDM/
185	api/operators/classes/SymmetryOperatorFermionic	SymmetryOperatorFermionic	SymmetryOperatorFermionic	https://docs.quantinuum.com/inquanto/api/inquanto/operators.html#inquanto.operators.SymmetryOperatorFermionic	P2	reference	placeholder			1	/mirror/api/operators/classes/SymmetryOperatorFermionic/
186	api/operators/classes/SymmetryOperatorFermionicFactorized	SymmetryOperatorFermionicFactorized	SymmetryOperatorFermionicFactorized	https://docs.quantinuum.com/inquanto/api/inquanto/operators.html#inquanto.operators.SymmetryOperatorFermionicFactorized	P2	reference	placeholder			1	/mirror/api/operators/classes/SymmetryOperatorFermionicFactorized/
187	api/operators/classes/SymmetryOperatorPauli	SymmetryOperatorPauli	SymmetryOperatorPauli	https://docs.quantinuum.com/inquanto/api/inquanto/operators.html#inquanto.operators.SymmetryOperatorPauli	P2	reference	placeholder			1	/mirror/api/operators/classes/SymmetryOperatorPauli/
188	api/operators/classes/SymmetryOperatorPauliFactorized	SymmetryOperatorPauliFactorized	SymmetryOperatorPauliFactorized	https://docs.quantinuum.com/inquanto/api/inquanto/operators.html#inquanto.operators.SymmetryOperatorPauliFactorized	P2	reference	placeholder			1	/mirror/api/operators/classes/SymmetryOperatorPauliFactorized/
189	api/operators/classes/XDFCoreTensor	XDFCoreTensor	XDFCoreTensor	https://docs.quantinuum.com/inquanto/api/inquanto/operators.html#inquanto.operators.XDFCoreTensor	P2	reference	placeholder			1	/mirror/api/operators/classes/XDFCoreTensor/
190	api/spaces	参考 API · inquanto.spaces	Reference API · inquanto.spaces	https://docs.quantinuum.com/inquanto/api/inquanto/spaces.html	P2	reference	partial			0	/mirror/api/spaces/
191	api/spaces/classes/FermionSpace	FermionSpace	FermionSpace	https://docs.quantinuum.com/inquanto/api/inquanto/spaces.html#inquanto.spaces.FermionSpace	P2	reference	partial			1	/mirror/api/spaces/classes/FermionSpace/
192	api/spaces/classes/FermionSpaceBrillouin	FermionSpaceBrillouin	FermionSpaceBrillouin	https://docs.quantinuum.com/inquanto/api/inquanto/spaces.html#inquanto.spaces.FermionSpaceBrillouin	P2	reference	placeholder			1	/mirror/api/spaces/classes/FermionSpaceBrillouin/
193	api/spaces/classes/FermionSpaceSupercell	FermionSpaceSupercell	FermionSpaceSupercell	https://docs.quantinuum.com/inquanto/api/inquanto/spaces.html#inquanto.spaces.FermionSpaceSupercell	P2	reference	placeholder			1	/mirror/api/spaces/classes/FermionSpaceSupercell/
194	api/spaces/classes/ParaFermionSpace	ParaFermionSpace	ParaFermionSpace	https://docs.quantinuum.com/inquanto/api/inquanto/spaces.html#inquanto.spaces.ParaFermionSpace	P2	reference	placeholder			1	/mirror/api/spaces/classes/ParaFermionSpace/
195	api/spaces/classes/QubitSpace	QubitSpace	QubitSpace	https://docs.quantinuum.com/inquanto/api/inquanto/spaces.html#inquanto.spaces.QubitSpace	P2	reference	partial			1	/mirror/api/spaces/classes/QubitSpace/
196	api/states	参考 API · inquanto.states	Reference API · inquanto.states	https://docs.quantinuum.com/inquanto/api/inquanto/states.html	P2	reference	partial			0	/mirror/api/states/
197	api/states/classes/FermionState	FermionState	FermionState	https://docs.quantinuum.com/inquanto/api/inquanto/states.html#inquanto.states.FermionState	P2	reference	partial			1	/mirror/api/states/classes/FermionState/
198	api/states/classes/QubitState	QubitState	QubitState	https://docs.quantinuum.com/inquanto/api/inquanto/states.html#inquanto.states.QubitState	P2	reference	partial			1	/mirror/api/states/classes/QubitState/
199	api/mappings	参考 API · inquanto.mappings	Reference API · inquanto.mappings	https://docs.quantinuum.com/inquanto/api/inquanto/mappings.html	P2	reference	partial			0	/mirror/api/mappings/
200	api/mappings/classes/QubitMappingJordanWigner	QubitMappingJordanWigner	QubitMappingJordanWigner	https://docs.quantinuum.com/inquanto/api/inquanto/mappings.html#inquanto.mappings.QubitMappingJordanWigner	P2	reference	shipped			1	/mirror/api/mappings/classes/QubitMappingJordanWigner/
201	api/mappings/classes/QubitMappingBravyiKitaev	QubitMappingBravyiKitaev	QubitMappingBravyiKitaev	https://docs.quantinuum.com/inquanto/api/inquanto/mappings.html#inquanto.mappings.QubitMappingBravyiKitaev	P2	reference	placeholder			1	/mirror/api/mappings/classes/QubitMappingBravyiKitaev/
202	api/mappings/classes/QubitMappingParity	QubitMappingParity	QubitMappingParity	https://docs.quantinuum.com/inquanto/api/inquanto/mappings.html#inquanto.mappings.QubitMappingParity	P2	reference	placeholder			1	/mirror/api/mappings/classes/QubitMappingParity/
203	api/minimizers	参考 API · inquanto.minimizers	Reference API · inquanto.minimizers	https://docs.quantinuum.com/inquanto/api/inquanto/minimizers.html	P2	reference	partial			0	/mirror/api/minimizers/
204	api/minimizers/classes/MinimizerScipy	MinimizerScipy	MinimizerScipy	https://docs.quantinuum.com/inquanto/api/inquanto/minimizers.html#inquanto.minimizers.MinimizerScipy	P2	reference	shipped			1	/mirror/api/minimizers/classes/MinimizerScipy/
205	api/minimizers/classes/MinimizerNFT	MinimizerNFT	MinimizerNFT	https://docs.quantinuum.com/inquanto/api/inquanto/minimizers.html#inquanto.minimizers.MinimizerNFT	P2	reference	placeholder			1	/mirror/api/minimizers/classes/MinimizerNFT/
206	api/minimizers/classes/MinimizerRotosolve	MinimizerRotosolve	MinimizerRotosolve	https://docs.quantinuum.com/inquanto/api/inquanto/minimizers.html#inquanto.minimizers.MinimizerRotosolve	P2	reference	placeholder			1	/mirror/api/minimizers/classes/MinimizerRotosolve/
207	api/minimizers/classes/MinimizerSPSA	MinimizerSPSA	MinimizerSPSA	https://docs.quantinuum.com/inquanto/api/inquanto/minimizers.html#inquanto.minimizers.MinimizerSPSA	P2	reference	placeholder			1	/mirror/api/minimizers/classes/MinimizerSPSA/
208	api/minimizers/classes/MinimizerSGD	MinimizerSGD	MinimizerSGD	https://docs.quantinuum.com/inquanto/api/inquanto/minimizers.html#inquanto.minimizers.MinimizerSGD	P2	reference	placeholder			1	/mirror/api/minimizers/classes/MinimizerSGD/
209	api/symmetry	参考 API · inquanto.symmetry	Reference API · inquanto.symmetry	https://docs.quantinuum.com/inquanto/api/inquanto/symmetry.html	P2	reference	placeholder		Q3 2026	0	/mirror/api/symmetry/
210	api/core	参考 API · inquanto.core	Reference API · inquanto.core	https://docs.quantinuum.com/inquanto/api/inquanto/core.html	meta	reference	partial			0	/mirror/api/core/
211	api/embeddings	参考 API · inquanto.embeddings	Reference API · inquanto.embeddings	https://docs.quantinuum.com/inquanto/api/inquanto/embeddings.html	P1	reference	partial	qchem_stack.chem.embedding		0	/mirror/api/embeddings/
212	api/experiments	参考 API · inquanto.experiments	Reference API · inquanto.experiments	https://docs.quantinuum.com/inquanto/api/inquanto/experiments.html	P2	reference	partial			0	/mirror/api/experiments/
213	api/experiments/experiment_qec_qpe	量子纠错 QPE 演示	Quantum error-corrected QPE demonstration	https://docs.quantinuum.com/inquanto/api/inquanto/experiments/experiment_qec_qpe.html	P2	tutorial	placeholder		Q4 2026	0	/mirror/api/experiments/experiment_qec_qpe/
214	api/express	参考 API · inquanto.express	Reference API · inquanto.express	https://docs.quantinuum.com/inquanto/api/inquanto/express.html	P2	reference	partial	qchem_stack.express		0	/mirror/api/express/
215	api/geometries	参考 API · inquanto.geometries	Reference API · inquanto.geometries	https://docs.quantinuum.com/inquanto/api/inquanto/geometry.html	P1	reference	partial	qchem_stack.chem.molecule		0	/mirror/api/geometries/
216	api/protocols	参考 API · inquanto.protocols	Reference API · inquanto.protocols	https://docs.quantinuum.com/inquanto/api/inquanto/protocols.html	P2	reference	partial	qchem_stack.protocols		0	/mirror/api/protocols/
217	api/protocols/classes/PauliAveraging	PauliAveraging	PauliAveraging	https://docs.quantinuum.com/inquanto/api/inquanto/protocols.html#inquanto.protocols.PauliAveraging	P2	reference	shipped	qchem_stack.protocols.PauliAveragingProtocol		1	/mirror/api/protocols/classes/PauliAveraging/
218	api/protocols/classes/HadamardTest	HadamardTest	HadamardTest	https://docs.quantinuum.com/inquanto/api/inquanto/protocols.html#inquanto.protocols.HadamardTest	P2	reference	partial			1	/mirror/api/protocols/classes/HadamardTest/
219	api/protocols/classes/ComputeUncompute	ComputeUncompute	ComputeUncompute	https://docs.quantinuum.com/inquanto/api/inquanto/protocols.html#inquanto.protocols.ComputeUncompute	P2	reference	placeholder		Q3 2026	1	/mirror/api/protocols/classes/ComputeUncompute/
220	api/protocols/classes/DestructiveSwapTest	DestructiveSwapTest	DestructiveSwapTest	https://docs.quantinuum.com/inquanto/api/inquanto/protocols.html#inquanto.protocols.DestructiveSwapTest	P2	reference	placeholder		Q3 2026	1	/mirror/api/protocols/classes/DestructiveSwapTest/
221	api/protocols/classes/SwapTest	SwapTest	SwapTest	https://docs.quantinuum.com/inquanto/api/inquanto/protocols.html#inquanto.protocols.SwapTest	P2	reference	placeholder		Q3 2026	1	/mirror/api/protocols/classes/SwapTest/
222	api/protocols/classes/HadamardTestOverlap	HadamardTestOverlap	HadamardTestOverlap	https://docs.quantinuum.com/inquanto/api/inquanto/protocols.html#inquanto.protocols.HadamardTestOverlap	P2	reference	placeholder		Q3 2026	1	/mirror/api/protocols/classes/HadamardTestOverlap/
223	api/protocols/classes/FactorizedOverlap	FactorizedOverlap	FactorizedOverlap	https://docs.quantinuum.com/inquanto/api/inquanto/protocols.html#inquanto.protocols.FactorizedOverlap	P2	reference	placeholder		Q3 2026	1	/mirror/api/protocols/classes/FactorizedOverlap/
224	api/protocols/classes/SwapFactorizedOverlap	SwapFactorizedOverlap	SwapFactorizedOverlap	https://docs.quantinuum.com/inquanto/api/inquanto/protocols.html#inquanto.protocols.SwapFactorizedOverlap	P2	reference	placeholder		Q3 2026	1	/mirror/api/protocols/classes/SwapFactorizedOverlap/
225	api/protocols/classes/ComputeUncomputeFactorizedOverlap	ComputeUncomputeFactorizedOverlap	ComputeUncomputeFactorizedOverlap	https://docs.quantinuum.com/inquanto/api/inquanto/protocols.html#inquanto.protocols.ComputeUncomputeFactorizedOverlap	P2	reference	placeholder		Q3 2026	1	/mirror/api/protocols/classes/ComputeUncomputeFactorizedOverlap/
226	api/protocols/classes/SparseStatevectorProtocol	SparseStatevectorProtocol	SparseStatevectorProtocol	https://docs.quantinuum.com/inquanto/api/inquanto/protocols.html#inquanto.protocols.SparseStatevectorProtocol	P2	reference	partial			1	/mirror/api/protocols/classes/SparseStatevectorProtocol/
227	api/protocols/classes/BackendStatevectorProtocol	BackendStatevectorProtocol	BackendStatevectorProtocol	https://docs.quantinuum.com/inquanto/api/inquanto/protocols.html#inquanto.protocols.BackendStatevectorProtocol	P2	reference	partial			1	/mirror/api/protocols/classes/BackendStatevectorProtocol/
228	api/protocols/classes/SymbolicProtocol	SymbolicProtocol	SymbolicProtocol	https://docs.quantinuum.com/inquanto/api/inquanto/protocols.html#inquanto.protocols.SymbolicProtocol	P2	reference	placeholder		Q4 2026	1	/mirror/api/protocols/classes/SymbolicProtocol/
229	api/protocols/classes/HadamardTestDerivativeOverlap	HadamardTestDerivativeOverlap	HadamardTestDerivativeOverlap	https://docs.quantinuum.com/inquanto/api/inquanto/protocols.html#inquanto.protocols.HadamardTestDerivativeOverlap	P2	reference	placeholder		Q4 2026	1	/mirror/api/protocols/classes/HadamardTestDerivativeOverlap/
230	api/protocols/classes/HadamardTestDerivative	HadamardTestDerivative	HadamardTestDerivative	https://docs.quantinuum.com/inquanto/api/inquanto/protocols.html#inquanto.protocols.HadamardTestDerivative	P2	reference	placeholder		Q4 2026	1	/mirror/api/protocols/classes/HadamardTestDerivative/
231	api/protocols/classes/CanonicalPhaseEstimation	CanonicalPhaseEstimation	CanonicalPhaseEstimation	https://docs.quantinuum.com/inquanto/api/inquanto/protocols.html#inquanto.protocols.CanonicalPhaseEstimation	P2	reference	placeholder		Q4 2026	1	/mirror/api/protocols/classes/CanonicalPhaseEstimation/
232	api/protocols/classes/IterativePhaseEstimation	IterativePhaseEstimation	IterativePhaseEstimation	https://docs.quantinuum.com/inquanto/api/inquanto/protocols.html#inquanto.protocols.IterativePhaseEstimation	P2	reference	placeholder		Q4 2026	1	/mirror/api/protocols/classes/IterativePhaseEstimation/
233	api/protocols/classes/IterativePhaseEstimationSingleCircuit	IterativePhaseEstimationSingleCircuit	IterativePhaseEstimationSingleCircuit	https://docs.quantinuum.com/inquanto/api/inquanto/protocols.html#inquanto.protocols.IterativePhaseEstimationSingleCircuit	P2	reference	placeholder		Q4 2026	1	/mirror/api/protocols/classes/IterativePhaseEstimationSingleCircuit/
234	api/protocols/classes/IterativePhaseEstimationQuantinuum	IterativePhaseEstimationQuantinuum	IterativePhaseEstimationQuantinuum	https://docs.quantinuum.com/inquanto/api/inquanto/protocols.html#inquanto.protocols.IterativePhaseEstimationQuantinuum	P2	reference	not-applicable			1	/mirror/api/protocols/classes/IterativePhaseEstimationQuantinuum/
235	api/protocols/classes/IterativePhaseEstimationStatevector	IterativePhaseEstimationStatevector	IterativePhaseEstimationStatevector	https://docs.quantinuum.com/inquanto/api/inquanto/protocols.html#inquanto.protocols.IterativePhaseEstimationStatevector	P2	reference	placeholder		Q4 2026	1	/mirror/api/protocols/classes/IterativePhaseEstimationStatevector/
236	api/protocols/classes/ProjectiveMeasurements	ProjectiveMeasurements	ProjectiveMeasurements	https://docs.quantinuum.com/inquanto/api/inquanto/protocols.html#inquanto.protocols.ProjectiveMeasurements	P2	reference	placeholder		Q4 2026	1	/mirror/api/protocols/classes/ProjectiveMeasurements/
237	api/protocols/classes/ProtocolList	ProtocolList	ProtocolList	https://docs.quantinuum.com/inquanto/api/inquanto/protocols.html#inquanto.protocols.ProtocolList	P2	reference	partial			1	/mirror/api/protocols/classes/ProtocolList/
238	api/protocols/classes/PMSV	PMSV	PMSV	https://docs.quantinuum.com/inquanto/api/inquanto/protocols.html#inquanto.protocols.PMSV	P2	reference	shipped	qchem_stack.mitigation.pmsv		1	/mirror/api/protocols/classes/PMSV/
239	api/protocols/classes/SPAM	SPAM	SPAM	https://docs.quantinuum.com/inquanto/api/inquanto/protocols.html#inquanto.protocols.SPAM	P2	reference	shipped	qchem_stack.mitigation.spam		1	/mirror/api/protocols/classes/SPAM/
240	api/protocols/classes/CombinedMitigation	CombinedMitigation	CombinedMitigation	https://docs.quantinuum.com/inquanto/api/inquanto/protocols.html#inquanto.protocols.CombinedMitigation	P2	reference	partial			1	/mirror/api/protocols/classes/CombinedMitigation/
241	api/protocols/classes/BackendResultBootstrap	BackendResultBootstrap	BackendResultBootstrap	https://docs.quantinuum.com/inquanto/api/inquanto/protocols.html#inquanto.protocols.BackendResultBootstrap	P2	reference	placeholder		Q4 2026	1	/mirror/api/protocols/classes/BackendResultBootstrap/
242	api/protocols/classes/BackendResultSplit	BackendResultSplit	BackendResultSplit	https://docs.quantinuum.com/inquanto/api/inquanto/protocols.html#inquanto.protocols.BackendResultSplit	P2	reference	placeholder		Q4 2026	1	/mirror/api/protocols/classes/BackendResultSplit/
243	api/extensions_pyscf	参考 API · inquanto.extensions.pyscf	Reference API · inquanto.extensions.pyscf	https://docs.quantinuum.com/inquanto/api/extensions/inquanto-pyscf_api.html	P1	reference	partial	qchem_stack.chem.drivers.pyscf_driver		0	/mirror/api/extensions_pyscf/
244	api/extensions_pyscf/classes/AVAS	AVAS	AVAS	https://docs.quantinuum.com/inquanto/api/extensions/inquanto-pyscf_api.html#inquanto.extensions.pyscf.AVAS	P1	reference	shipped			1	/mirror/api/extensions_pyscf/classes/AVAS/
245	api/extensions_pyscf/classes/CASSCF	CASSCF	CASSCF	https://docs.quantinuum.com/inquanto/api/extensions/inquanto-pyscf_api.html#inquanto.extensions.pyscf.CASSCF	P1	reference	partial			1	/mirror/api/extensions_pyscf/classes/CASSCF/
246	api/extensions_pyscf/classes/ChemistryDriverPySCFMolecularRHF	ChemistryDriverPySCFMolecularRHF	ChemistryDriverPySCFMolecularRHF	https://docs.quantinuum.com/inquanto/api/extensions/inquanto-pyscf_api.html#inquanto.extensions.pyscf.ChemistryDriverPySCFMolecularRHF	P1	reference	partial			1	/mirror/api/extensions_pyscf/classes/ChemistryDriverPySCFMolecularRHF/
247	api/extensions_pyscf/classes/ChemistryDriverPySCFMolecularROHF	ChemistryDriverPySCFMolecularROHF	ChemistryDriverPySCFMolecularROHF	https://docs.quantinuum.com/inquanto/api/extensions/inquanto-pyscf_api.html#inquanto.extensions.pyscf.ChemistryDriverPySCFMolecularROHF	P1	reference	partial			1	/mirror/api/extensions_pyscf/classes/ChemistryDriverPySCFMolecularROHF/
248	api/extensions_pyscf/classes/ChemistryDriverPySCFMolecularUHF	ChemistryDriverPySCFMolecularUHF	ChemistryDriverPySCFMolecularUHF	https://docs.quantinuum.com/inquanto/api/extensions/inquanto-pyscf_api.html#inquanto.extensions.pyscf.ChemistryDriverPySCFMolecularUHF	P1	reference	placeholder		Q3 2026	1	/mirror/api/extensions_pyscf/classes/ChemistryDriverPySCFMolecularUHF/
249	api/extensions_pyscf/classes/ChemistryDriverPySCFMolecularRHFQMMMCOSMO	ChemistryDriverPySCFMolecularRHFQMMMCOSMO	ChemistryDriverPySCFMolecularRHFQMMMCOSMO	https://docs.quantinuum.com/inquanto/api/extensions/inquanto-pyscf_api.html#inquanto.extensions.pyscf.ChemistryDriverPySCFMolecularRHFQMMMCOSMO	P1	reference	partial			1	/mirror/api/extensions_pyscf/classes/ChemistryDriverPySCFMolecularRHFQMMMCOSMO/
250	api/extensions_pyscf/classes/ChemistryDriverPySCFMolecularROHFQMMMCOSMO	ChemistryDriverPySCFMolecularROHFQMMMCOSMO	ChemistryDriverPySCFMolecularROHFQMMMCOSMO	https://docs.quantinuum.com/inquanto/api/extensions/inquanto-pyscf_api.html#inquanto.extensions.pyscf.ChemistryDriverPySCFMolecularROHFQMMMCOSMO	P1	reference	placeholder			1	/mirror/api/extensions_pyscf/classes/ChemistryDriverPySCFMolecularROHFQMMMCOSMO/
251	api/extensions_pyscf/classes/ChemistryDriverPySCFMolecularUHFQMMMCOSMO	ChemistryDriverPySCFMolecularUHFQMMMCOSMO	ChemistryDriverPySCFMolecularUHFQMMMCOSMO	https://docs.quantinuum.com/inquanto/api/extensions/inquanto-pyscf_api.html#inquanto.extensions.pyscf.ChemistryDriverPySCFMolecularUHFQMMMCOSMO	P1	reference	placeholder			1	/mirror/api/extensions_pyscf/classes/ChemistryDriverPySCFMolecularUHFQMMMCOSMO/
252	api/extensions_pyscf/classes/ChemistryDriverPySCFGammaRHF	ChemistryDriverPySCFGammaRHF	ChemistryDriverPySCFGammaRHF	https://docs.quantinuum.com/inquanto/api/extensions/inquanto-pyscf_api.html#inquanto.extensions.pyscf.ChemistryDriverPySCFGammaRHF	P1	reference	partial			1	/mirror/api/extensions_pyscf/classes/ChemistryDriverPySCFGammaRHF/
253	api/extensions_pyscf/classes/ChemistryDriverPySCFGammaROHF	ChemistryDriverPySCFGammaROHF	ChemistryDriverPySCFGammaROHF	https://docs.quantinuum.com/inquanto/api/extensions/inquanto-pyscf_api.html#inquanto.extensions.pyscf.ChemistryDriverPySCFGammaROHF	P1	reference	placeholder			1	/mirror/api/extensions_pyscf/classes/ChemistryDriverPySCFGammaROHF/
254	api/extensions_pyscf/classes/ChemistryDriverPySCFMomentumRHF	ChemistryDriverPySCFMomentumRHF	ChemistryDriverPySCFMomentumRHF	https://docs.quantinuum.com/inquanto/api/extensions/inquanto-pyscf_api.html#inquanto.extensions.pyscf.ChemistryDriverPySCFMomentumRHF	P1	reference	partial			1	/mirror/api/extensions_pyscf/classes/ChemistryDriverPySCFMomentumRHF/
255	api/extensions_pyscf/classes/ChemistryDriverPySCFMomentumROHF	ChemistryDriverPySCFMomentumROHF	ChemistryDriverPySCFMomentumROHF	https://docs.quantinuum.com/inquanto/api/extensions/inquanto-pyscf_api.html#inquanto.extensions.pyscf.ChemistryDriverPySCFMomentumROHF	P1	reference	placeholder			1	/mirror/api/extensions_pyscf/classes/ChemistryDriverPySCFMomentumROHF/
256	api/extensions_pyscf/classes/ChemistryDriverPySCFEmbeddingRHF	ChemistryDriverPySCFEmbeddingRHF	ChemistryDriverPySCFEmbeddingRHF	https://docs.quantinuum.com/inquanto/api/extensions/inquanto-pyscf_api.html#inquanto.extensions.pyscf.ChemistryDriverPySCFEmbeddingRHF	P1	reference	placeholder		Q4 2026	1	/mirror/api/extensions_pyscf/classes/ChemistryDriverPySCFEmbeddingRHF/
257	api/extensions_pyscf/classes/ChemistryDriverPySCFEmbeddingROHF	ChemistryDriverPySCFEmbeddingROHF	ChemistryDriverPySCFEmbeddingROHF	https://docs.quantinuum.com/inquanto/api/extensions/inquanto-pyscf_api.html#inquanto.extensions.pyscf.ChemistryDriverPySCFEmbeddingROHF	P1	reference	placeholder		Q4 2026	1	/mirror/api/extensions_pyscf/classes/ChemistryDriverPySCFEmbeddingROHF/
258	api/extensions_pyscf/classes/ChemistryDriverPySCFEmbeddingROHF_UHF	ChemistryDriverPySCFEmbeddingROHF_UHF	ChemistryDriverPySCFEmbeddingROHF_UHF	https://docs.quantinuum.com/inquanto/api/extensions/inquanto-pyscf_api.html#inquanto.extensions.pyscf.ChemistryDriverPySCFEmbeddingROHF_UHF	P1	reference	placeholder		Q4 2026	1	/mirror/api/extensions_pyscf/classes/ChemistryDriverPySCFEmbeddingROHF_UHF/
259	api/extensions_pyscf/classes/ChemistryDriverPySCFEmbeddingGammaRHF	ChemistryDriverPySCFEmbeddingGammaRHF	ChemistryDriverPySCFEmbeddingGammaRHF	https://docs.quantinuum.com/inquanto/api/extensions/inquanto-pyscf_api.html#inquanto.extensions.pyscf.ChemistryDriverPySCFEmbeddingGammaRHF	P1	reference	placeholder		Q4 2026	1	/mirror/api/extensions_pyscf/classes/ChemistryDriverPySCFEmbeddingGammaRHF/
260	api/extensions_pyscf/classes/ChemistryDriverPySCFEmbeddingGammaROHF_UHF	ChemistryDriverPySCFEmbeddingGammaROHF_UHF	ChemistryDriverPySCFEmbeddingGammaROHF_UHF	https://docs.quantinuum.com/inquanto/api/extensions/inquanto-pyscf_api.html#inquanto.extensions.pyscf.ChemistryDriverPySCFEmbeddingGammaROHF_UHF	P1	reference	placeholder		Q4 2026	1	/mirror/api/extensions_pyscf/classes/ChemistryDriverPySCFEmbeddingGammaROHF_UHF/
261	api/extensions_pyscf/classes/ChemistryDriverPySCFIntegrals	ChemistryDriverPySCFIntegrals	ChemistryDriverPySCFIntegrals	https://docs.quantinuum.com/inquanto/api/extensions/inquanto-pyscf_api.html#inquanto.extensions.pyscf.ChemistryDriverPySCFIntegrals	P1	reference	placeholder		Q4 2026	1	/mirror/api/extensions_pyscf/classes/ChemistryDriverPySCFIntegrals/
262	api/extensions_pyscf/classes/DMETRHFFragmentPySCFActive	DMETRHFFragmentPySCFActive	DMETRHFFragmentPySCFActive	https://docs.quantinuum.com/inquanto/api/extensions/inquanto-pyscf_api.html#inquanto.extensions.pyscf.DMETRHFFragmentPySCFActive	P1	reference	partial			1	/mirror/api/extensions_pyscf/classes/DMETRHFFragmentPySCFActive/
263	api/extensions_pyscf/classes/DMETRHFFragmentPySCFCCSD	DMETRHFFragmentPySCFCCSD	DMETRHFFragmentPySCFCCSD	https://docs.quantinuum.com/inquanto/api/extensions/inquanto-pyscf_api.html#inquanto.extensions.pyscf.DMETRHFFragmentPySCFCCSD	P1	reference	placeholder		Q4 2026	1	/mirror/api/extensions_pyscf/classes/DMETRHFFragmentPySCFCCSD/
264	api/extensions_pyscf/classes/DMETRHFFragmentPySCFFCI	DMETRHFFragmentPySCFFCI	DMETRHFFragmentPySCFFCI	https://docs.quantinuum.com/inquanto/api/extensions/inquanto-pyscf_api.html#inquanto.extensions.pyscf.DMETRHFFragmentPySCFFCI	P1	reference	placeholder		Q4 2026	1	/mirror/api/extensions_pyscf/classes/DMETRHFFragmentPySCFFCI/
265	api/extensions_pyscf/classes/DMETRHFFragmentPySCFMP2	DMETRHFFragmentPySCFMP2	DMETRHFFragmentPySCFMP2	https://docs.quantinuum.com/inquanto/api/extensions/inquanto-pyscf_api.html#inquanto.extensions.pyscf.DMETRHFFragmentPySCFMP2	P1	reference	placeholder		Q4 2026	1	/mirror/api/extensions_pyscf/classes/DMETRHFFragmentPySCFMP2/
266	api/extensions_pyscf/classes/DMETRHFFragmentPySCFRHF	DMETRHFFragmentPySCFRHF	DMETRHFFragmentPySCFRHF	https://docs.quantinuum.com/inquanto/api/extensions/inquanto-pyscf_api.html#inquanto.extensions.pyscf.DMETRHFFragmentPySCFRHF	P1	reference	partial			1	/mirror/api/extensions_pyscf/classes/DMETRHFFragmentPySCFRHF/
267	api/extensions_pyscf/classes/ImpurityDMETROHFFragmentPySCFActive	ImpurityDMETROHFFragmentPySCFActive	ImpurityDMETROHFFragmentPySCFActive	https://docs.quantinuum.com/inquanto/api/extensions/inquanto-pyscf_api.html#inquanto.extensions.pyscf.ImpurityDMETROHFFragmentPySCFActive	P1	reference	placeholder			1	/mirror/api/extensions_pyscf/classes/ImpurityDMETROHFFragmentPySCFActive/
268	api/extensions_pyscf/classes/ImpurityDMETROHFFragmentPySCFCCSD	ImpurityDMETROHFFragmentPySCFCCSD	ImpurityDMETROHFFragmentPySCFCCSD	https://docs.quantinuum.com/inquanto/api/extensions/inquanto-pyscf_api.html#inquanto.extensions.pyscf.ImpurityDMETROHFFragmentPySCFCCSD	P1	reference	placeholder			1	/mirror/api/extensions_pyscf/classes/ImpurityDMETROHFFragmentPySCFCCSD/
269	api/extensions_pyscf/classes/ImpurityDMETROHFFragmentPySCFFCI	ImpurityDMETROHFFragmentPySCFFCI	ImpurityDMETROHFFragmentPySCFFCI	https://docs.quantinuum.com/inquanto/api/extensions/inquanto-pyscf_api.html#inquanto.extensions.pyscf.ImpurityDMETROHFFragmentPySCFFCI	P1	reference	placeholder			1	/mirror/api/extensions_pyscf/classes/ImpurityDMETROHFFragmentPySCFFCI/
270	api/extensions_pyscf/classes/ImpurityDMETROHFFragmentPySCFMP2	ImpurityDMETROHFFragmentPySCFMP2	ImpurityDMETROHFFragmentPySCFMP2	https://docs.quantinuum.com/inquanto/api/extensions/inquanto-pyscf_api.html#inquanto.extensions.pyscf.ImpurityDMETROHFFragmentPySCFMP2	P1	reference	placeholder			1	/mirror/api/extensions_pyscf/classes/ImpurityDMETROHFFragmentPySCFMP2/
271	api/extensions_pyscf/classes/ImpurityDMETROHFFragmentPySCFROHF	ImpurityDMETROHFFragmentPySCFROHF	ImpurityDMETROHFFragmentPySCFROHF	https://docs.quantinuum.com/inquanto/api/extensions/inquanto-pyscf_api.html#inquanto.extensions.pyscf.ImpurityDMETROHFFragmentPySCFROHF	P1	reference	placeholder			1	/mirror/api/extensions_pyscf/classes/ImpurityDMETROHFFragmentPySCFROHF/
272	api/extensions_pyscf/classes/FromActiveOrbitals	FromActiveOrbitals	FromActiveOrbitals	https://docs.quantinuum.com/inquanto/api/extensions/inquanto-pyscf_api.html#inquanto.extensions.pyscf.FromActiveOrbitals	P1	reference	placeholder			1	/mirror/api/extensions_pyscf/classes/FromActiveOrbitals/
273	api/extensions_pyscf/classes/FromActiveSpace	FromActiveSpace	FromActiveSpace	https://docs.quantinuum.com/inquanto/api/extensions/inquanto-pyscf_api.html#inquanto.extensions.pyscf.FromActiveSpace	P1	reference	placeholder			1	/mirror/api/extensions_pyscf/classes/FromActiveSpace/
274	api/extensions_pyscf/classes/FrozenCore	FrozenCore	FrozenCore	https://docs.quantinuum.com/inquanto/api/extensions/inquanto-pyscf_api.html#inquanto.extensions.pyscf.FrozenCore	P1	reference	placeholder			1	/mirror/api/extensions_pyscf/classes/FrozenCore/
275	api/extensions_pyscf/classes/FMO	FMO	FMO	https://docs.quantinuum.com/inquanto/api/extensions/inquanto-pyscf_api.html#inquanto.extensions.pyscf.FMO	P1	reference	placeholder		2027	1	/mirror/api/extensions_pyscf/classes/FMO/
276	api/extensions_pyscf/classes/FMOFragment	FMOFragment	FMOFragment	https://docs.quantinuum.com/inquanto/api/extensions/inquanto-pyscf_api.html#inquanto.extensions.pyscf.FMOFragment	P1	reference	placeholder		2027	1	/mirror/api/extensions_pyscf/classes/FMOFragment/
277	api/extensions_pyscf/classes/FMOFragmentPySCFActive	FMOFragmentPySCFActive	FMOFragmentPySCFActive	https://docs.quantinuum.com/inquanto/api/extensions/inquanto-pyscf_api.html#inquanto.extensions.pyscf.FMOFragmentPySCFActive	P1	reference	placeholder		2027	1	/mirror/api/extensions_pyscf/classes/FMOFragmentPySCFActive/
278	api/extensions_pyscf/classes/FMOFragmentPySCFCCSD	FMOFragmentPySCFCCSD	FMOFragmentPySCFCCSD	https://docs.quantinuum.com/inquanto/api/extensions/inquanto-pyscf_api.html#inquanto.extensions.pyscf.FMOFragmentPySCFCCSD	P1	reference	placeholder		2027	1	/mirror/api/extensions_pyscf/classes/FMOFragmentPySCFCCSD/
279	api/extensions_pyscf/classes/FMOFragmentPySCFMP2	FMOFragmentPySCFMP2	FMOFragmentPySCFMP2	https://docs.quantinuum.com/inquanto/api/extensions/inquanto-pyscf_api.html#inquanto.extensions.pyscf.FMOFragmentPySCFMP2	P1	reference	placeholder		2027	1	/mirror/api/extensions_pyscf/classes/FMOFragmentPySCFMP2/
280	api/extensions_pyscf/classes/FMOFragmentPySCFRHF	FMOFragmentPySCFRHF	FMOFragmentPySCFRHF	https://docs.quantinuum.com/inquanto/api/extensions/inquanto-pyscf_api.html#inquanto.extensions.pyscf.FMOFragmentPySCFRHF	P1	reference	placeholder		2027	1	/mirror/api/extensions_pyscf/classes/FMOFragmentPySCFRHF/
281	api/extensions_pyscf/classes/PySCFChemistryRestrictedIntegralOperator	PySCFChemistryRestrictedIntegralOperator	PySCFChemistryRestrictedIntegralOperator	https://docs.quantinuum.com/inquanto/api/extensions/inquanto-pyscf_api.html#inquanto.extensions.pyscf.PySCFChemistryRestrictedIntegralOperator	P1	reference	partial			1	/mirror/api/extensions_pyscf/classes/PySCFChemistryRestrictedIntegralOperator/
282	api/extensions_pyscf/classes/PySCFChemistryUnrestrictedIntegralOperator	PySCFChemistryUnrestrictedIntegralOperator	PySCFChemistryUnrestrictedIntegralOperator	https://docs.quantinuum.com/inquanto/api/extensions/inquanto-pyscf_api.html#inquanto.extensions.pyscf.PySCFChemistryUnrestrictedIntegralOperator	P1	reference	placeholder			1	/mirror/api/extensions_pyscf/classes/PySCFChemistryUnrestrictedIntegralOperator/
283	api/extensions_cutensornet	参考 API · inquanto.extensions.cutensornet	Reference API · inquanto.extensions.cutensornet	https://docs.quantinuum.com/inquanto/api/extensions/inquanto-cutensornet_api.html	P3	reference	partial	qchem_stack.tensornet		0	/mirror/api/extensions_cutensornet/
284	api/extensions_cutensornet/classes/CuTensorNetProtocol	CuTensorNetProtocol	CuTensorNetProtocol	https://docs.quantinuum.com/inquanto/api/extensions/inquanto-cutensornet_api.html#inquanto.extensions.cutensornet.CuTensorNetProtocol	P3	reference	partial	qchem_stack.tensornet.cutensornet_protocol_stub		1	/mirror/api/extensions_cutensornet/classes/CuTensorNetProtocol/
285	api/extensions_nexus	参考 API · inquanto.extensions.nexus	Reference API · inquanto.extensions.nexus	https://docs.quantinuum.com/inquanto/api/extensions/inquanto-nexus_api.html	P4	reference	not-applicable			0	/mirror/api/extensions_nexus/
286	api/extensions_phayes	参考 API · inquanto.extensions.phayes	Reference API · inquanto.extensions.phayes	https://docs.quantinuum.com/inquanto/api/extensions/inquanto-phayes_api.html	P2	reference	placeholder		2027	0	/mirror/api/extensions_phayes/
287	api/extensions_nglview	参考 API · inquanto.extensions.nglview	Reference API · inquanto.extensions.nglview	https://docs.quantinuum.com/inquanto/api/extensions/inquanto-nglview_api.html	P1	reference	not-applicable			0	/mirror/api/extensions_nglview/
288	misc	杂项	Misc	https://docs.quantinuum.com/inquanto/misc/	meta	reference	shipped			0	/mirror/misc/
289	misc/release_notes	发行说明	Release notes	https://docs.quantinuum.com/inquanto/misc/changelog.html	meta	reference	shipped			0	/mirror/misc/release_notes/
290	misc/bibliography	参考文献	Bibliography	https://docs.quantinuum.com/inquanto/misc/bibliography.html	meta	reference	shipped			0	/mirror/misc/bibliography/
291	misc/contact_docs	联系支持（文档内页）	Contact support (in-docs)	https://docs.quantinuum.com/inquanto/misc/contact.html	meta	reference	not-applicable			0	/mirror/misc/contact_docs/
292	misc/how_to_cite	文献引用说明（参考镜像）	Citing upstream documentation (mirror)	https://docs.quantinuum.com/inquanto/misc/cite.html	meta	reference	shipped			0	/mirror/misc/how_to_cite/
293	misc/license	许可与版本	License / Changelog	https://docs.quantinuum.com/inquanto/misc/license.html	meta	reference	shipped			0	/mirror/misc/license/
294	misc/opensource_attribution	开源组件归属	Open-source attribution	https://docs.quantinuum.com/inquanto/misc/opensource.html	meta	reference	shipped			0	/mirror/misc/opensource_attribution/
295	misc/contact	联系我们（官网门户）	Contact (corporate portal)	https://www.quantinuum.com/contact/docs	meta	reference	shipped			0	/mirror/misc/contact/